,poetry_id,hakubun,kakikudashi,reading_order_ja
0,1,孤鴻海上来,孤鴻海上より来り,12345
1,1,池潢不敢顧,池潢敢えて顧みず,12453
2,1,側見双翠鳥,側め見る双翠鳥の,12345
3,1,巣在三珠樹,巣くうて三珠樹に在るを,13452
4,1,矯矯珍木巓,矯矯たり珍木の巓,12345
5,1,得無金丸懼,金丸の懼れ無きを得んや,34521
6,1,美服患人指,美服は人の指ささんことを患え,12453
7,1,高明逼神悪,高明は神の悪みに逼る,12453
8,1,今我遊冥冥,今我冥冥に遊ぶ,12453
9,1,弋者何所慕,弋者何の慕う所ぞ,12354
10,2,南登碣石館,南のかた碣石館に登り,13452
11,2,遥望黄金台,遥かに黄金台を望む,13452
12,2,丘陵尽喬木,丘陵尽く喬木,12345
13,2,昭王安在哉,昭王安くに在りや,12345
14,2,覇図悵已矣,覇図悵として已んぬるかな,12345
15,2,駆馬復帰来,馬を駆って復た帰り来る,21345
16,3,長安一片月,長安一片の月,12345
17,3,万戸擣衣声,万戸衣を擣つの声,12435
18,3,秋風吹不尽,秋風吹いて尽きず,12354
19,3,総是玉関情,総べて是れ玉関の情,12345
20,3,何日平胡虜,何れの日か胡虜を平らげ,12453
21,3,良人罷遠征,良人遠征を罷めん,12453
22,4,子房未虎嘯,子房未だ虎嘯せざりしとき,12345
23,4,破産不為家,産を破りて家を為めず,21543
24,4,滄海得壮士,滄海に壮士を得て,12453
25,4,椎秦博浪沙,秦を椎す博浪沙,21345
26,4,報韓雖不成,韓に報ずること成らずと雖も,21543
27,4,天地皆振動,天地皆振動す,12345
28,4,潜匿遊下邳,潜匿して下邳に遊ぶ,12453
29,4,豈曰非智勇,豈に智勇に非ずと曰わんや,14532
30,4,我来圯橋上,我圯橋の上に来り,13452
31,4,懐古欽英風,古を懐うて英風を欽う,21453
32,4,唯見碧流水,唯だ見る碧流の水,12345
33,4,曽無黄石公,曽て黄石公無し,13452
34,4,歎息此人去,歎息す此の人去りて,12345
35,4,蕭条徐泗空,蕭条として徐泗空しきを,12345
36,5,朝進東門営,朝に東門の営に進み,13452
37,5,暮上河陽橋,暮に河陽の橋に上る,13452
38,5,落日照大旗,落日大旗を照らし,12453
39,5,馬鳴風蕭蕭,馬鳴いて風蕭蕭たり,12345
40,5,平沙列万幕,平沙万幕を列ね,12453
41,5,部伍各見招,部伍各〻招かる,12345
42,5,中天懸明月,中天明月懸かり,12453
43,5,令厳夜寂寥,令厳しくして夜寂寥たり,12345
44,5,悲笳数声動,悲笳数声動き,12345
45,5,壮士惨不驕,壮士惨として驕らず,12354
46,5,借問大将誰,借問す大将は誰ぞ,12345
47,5,恐是霍嫖姚,恐らくは是れ霍嫖姚ならん,12345
48,6,渓回松風長,渓回りて松風長く,12345
49,6,蒼鼠竄古瓦,蒼鼠古瓦に竄る,12453
50,6,不知何王殿,知らず何王の殿ぞ,21345
51,6,遺構絶壁下,遺構絶壁の下,12345
52,6,陰房鬼火青,陰房鬼火青く,12345
53,6,壊道哀湍瀉,壊道哀湍瀉ぐ,12345
54,6,万籟真笙竽,万籟真に笙竽,12345
55,6,秋色正蕭灑,秋色正に蕭灑たり,12345
56,6,美人為黄土,美人も黄土と為る,12453
57,6,況乃粉黛仮,況んや乃ち粉黛の仮なるをや,12345
58,6,当時侍金輿,当時金輿に侍せしもの,12453
59,6,故物独石馬,故物独り石馬のみ,12345
60,6,憂来藉草坐,憂え来って草を藉いて坐し,12435
61,6,浩歌涙盈把,浩歌すれば涙把に盈つ,12354
62,6,冉冉征途間,冉冉たる征途の間,12345
63,6,誰是長年者,誰か是れ長年なる者ぞ,12345
64,7,下馬飲君酒,馬より下りて君に酒を飲ましむ,21453
65,7,問君何所之,君に問う何くにか之く所ぞと,21354
66,7,君言不得意,君は言う意を得ず,12543
67,7,帰臥南山陲,南山の陲に帰臥せんと,34512
68,7,但去莫復問,但だ去れ復た問うこと莫けん,12453
69,7,白雲無尽時,白雲は尽くる時無し,12453
70,8,一身為軽舟,一身軽舟と為る,12453
71,8,落日西山際,落日西山の際,12345
72,8,常随去帆影,常に去帆の影に随い,13452
73,8,遠接長天勢,遠く長天の勢に接す,13452
74,8,物象帰余清,物象余清に帰し,12453
75,8,林巒分夕麗,林巒夕麗を分つ,12453
76,8,亭亭碧流暗,亭亭として碧流暗く,12345
77,8,日入孤霞継,日入りて孤霞継ぐ,12345
78,8,洲渚遠陰映,洲渚遠く陰映し,12345
79,8,湖雲尚明霽,湖雲尚お明霽,12345
80,8,林昏楚色来,林昏くして楚色来り,12345
81,8,岸遠荊門閉,岸遠くして荊門閉ず,12345
82,8,至夜転清迥,夜に至りて転た清迥,21345
83,8,蕭蕭北風厲,蕭蕭として北風厲し,12345
84,8,沙辺雁鷺泊,沙辺雁鷺泊し,12345
85,8,宿処蒹葭蔽,宿処蒹葭蔽う,12345
86,8,円月逗前浦,円月前浦に逗まり,12453
87,8,孤琴又揺曳,孤琴又た揺曳す,12345
88,8,冷然夜遂深,冷然として夜遂に深く,12345
89,8,白露沾人袂,白露人の袂を沾す,12453
90,10,塔勢如湧出,塔勢湧出するが如く,12453
91,10,孤高聳天宮,孤高天宮に聳ゆ,12453
92,10,登臨出世界,登臨世界を出で,12453
93,10,磴道盤虚空,磴道虚空に盤る,12453
94,10,突兀圧神州,突兀として神州を圧し,12453
95,10,崢嶸如鬼工,崢嶸として鬼工の如し,12453
96,10,四角礙白日,四角白日を礙り,12453
97,10,七層摩蒼穹,七層蒼穹を摩す,12453
98,10,下窺指高鳥,下窺して高鳥を指さし,12453
99,10,俯聴聞驚風,俯聴して驚風を聞く,12453
100,10,連山若波濤,連山波濤の若く,12453
101,10,奔走似朝東,奔走東に朝するに似たり,12543
102,10,青松夾馳道,青松馳道を夾み,12453
103,10,宮観何玲瓏,宮観何ぞ玲瓏たる,12345
104,10,秋色従西来,秋色西より来り,12435
105,10,蒼然満関中,蒼然として関中に満つ,12453
106,10,五陵北原上,五陵北原の上,12345
107,10,万古青濛濛,万古青濛濛たり,12345
108,10,浄理了可悟,浄理了に悟る可し,12354
109,10,勝因夙所宗,勝因夙に宗とする所,12354
110,10,誓将挂冠去,誓って将に冠を挂けて去り,12435
111,10,覚道資無窮,覚道無窮に資せんとす,12453
112,12,秋気集南礀,秋気南礀に集まる,12453
113,12,独遊亭午時,独り遊ぶ亭午の時,12345
114,12,廻風一蕭瑟,廻風一えに蕭瑟,12345
115,12,林景久参差,林景久しく参差たり,12345
116,12,始至若有得,始めて至るに得る有るがごとく,12543
117,12,稍深遂忘疲,稍深くして遂に疲れを忘る,12354
118,12,羈禽響幽谷,羈禽幽谷に響き,12453
119,12,寒藻舞淪漪,寒藻淪漪に舞う,12453
120,12,去国魂已遠,国を去って魂已に遠く,21345
121,12,懐人涙空垂,人を懐うて涙空しく垂る,21345
122,12,孤生易為感,孤生感を為し易く,12543
123,12,失路少所宜,失路宜しき所少なし,12543
124,12,索寞竟何事,索寞竟に何をか事とせん,12345
125,12,徘徊祇自知,徘徊祇だ自ら知る,12345
126,12,誰為後来者,誰か後来の者と為り,13452
127,12,当与此心期,当に此の心と期すべき,13425
128,13,東林気微白,東林気微かに白く,12345
129,13,寒鳥忽高翔,寒鳥忽ち高翔す,12345
130,13,吾亦自茲去,吾も亦た茲より去り,12435
131,13,北山帰草堂,北山草堂に帰らん,12453
132,13,杪冬正三五,杪冬正に三五,12345
133,13,日月遥相望,日月遥かに相望む,12345
134,13,粛粛過潁上,粛粛として潁上を過ぐれば,12453
135,13,朧朧弁少陽,朧朧として少陽を弁ず,12453
136,13,川冰生積雪,川冰積雪に生じ,12453
137,13,野火出枯桑,野火枯桑に出づ,12453
138,13,独往路難尽,独往路は尽き難く,12354
139,13,窮陰人易傷,窮陰人は傷み易し,12354
140,13,傷此無衣客,傷む此の無衣の客,12345
141,13,如何蒙雨霜,如何ぞ雨霜を蒙る,12453
142,14,滕王高閣臨江渚,滕王の高閣江渚に臨み,1234675
143,14,珮玉鳴鸞罷歌舞,珮玉鳴鸞歌舞罷みたり,1234675
144,14,画棟朝飛南浦雲,画棟朝に飛ぶ南浦の雲,1234567
145,14,朱簾暮捲西山雨,朱簾暮に捲く西山の雨,1234567
146,14,間雲潭影日悠悠,間雲潭影日に悠悠,1234567
147,14,物換星移幾度秋,物換り星移りて幾度の秋ぞ,1234567
148,14,閣中帝子今何在,閣中の帝子今何くにか在る,1234567
149,14,檻外長江空自流,檻外の長江空しく自ずから流る,1234567
150,16,天津橋下陽春水,天津橋下陽春の水,1234567
151,16,天津橋上繁華子,天津橋上繁華の子,1234567
152,16,馬声廻合青雲外,馬声廻合す青雲の外,1234567
153,16,人影動揺緑波裏,人影揺動す緑波の裏,1243567
154,16,緑波清迥玉為砂,緑波清迥玉を砂と為し,1234576
155,16,青雲離披錦作霞,青雲離披錦を霞と作す,1234576
156,16,可憐楊柳傷心樹,憐れむ可し楊柳傷心の樹,2134567
157,16,可憐桃李断腸花,憐れむ可し桃李断腸の花,2134567
158,16,此日遨遊邀美女,此の日遨遊美女を邀え,1234675
159,16,此時歌舞入娼家,此の時歌舞娼家に入る,1234675
160,16,娼家美女鬱金香,娼家の美女鬱金香,1234567
161,16,飛去飛来公子傍,飛び去り飛び来る公子の傍,1234567
162,16,的的朱簾白日映,的的たる朱簾白日映え,1234567
163,16,娥娥玉顔紅粉粧,娥娥たる玉顔紅粉粧う,1234567
164,16,花際徘徊双蛺蝶,花際徘徊す双蛺蝶,1234567
165,16,池辺顧歩両鴛鴦,池辺顧歩す両鴛鴦,1234567
166,16,傾国傾城漢武帝,国を傾け城を傾く漢の武帝,2143567
167,16,為雲為雨楚襄王,雲と為り雨と為る楚の襄王,2143567
168,16,古来容光人所羨,古来容光は人の羨む所,1234576
169,16,況復今日遥相見,況んや復た今日遥かに相見るをや,1234567
170,16,願作軽羅著細腰,願わくは軽羅と作りて細腰に著かん,1342675
171,16,願為明鏡分嬌面,願わくは明鏡と為りて嬌面を分たん,1342675
172,16,与君相向転相親,君と相向かいて転た相親しみ,2134567
173,16,与君双棲共一身,君と双び棲みて一身を共にせん,2134675
174,16,願作貞松千歳古,願わくは貞松の千歳に古きと作らん,1345672
175,16,誰論芳槿一朝新,誰か論ぜん芳槿の一朝に新たなるを,1234567
176,16,百年同謝西山日,百年同じく謝す西山の日,1234567
177,16,千秋万古北邙塵,千秋万古北邙の塵,1234567
178,17,洛陽城東桃李花,洛陽城東桃李の花,1234567
179,17,飛来飛去落誰家,飛び来り飛び去って誰が家にか落つる,1234675
180,17,洛陽女児惜顔色,洛陽の女児顔色を惜しみ,1234675
181,17,行逢落花長歎息,行〻落花に逢いて長歎息す,1342567
182,17,今年花落顔色改,今年花落ちて顔色改まり,1234567
183,17,明年花開復誰在,明年花開いて復た誰か在る,1234567
184,17,已見松柏摧為薪,已に見る松柏の摧かれて薪と為るを,1234576
185,17,更聞桑田変成海,更に聞く桑田の変じて海と成るを,1234576
186,17,古人無復洛城東,古人復た洛城の東に無く,1245673
187,17,今人還対落花風,今人還た対す落花の風,1234567
188,17,年年歳歳花相似,年年歳歳花相似たり,1234567
189,17,歳歳年年人不同,歳歳年年人同じからず,1234576
190,17,寄言全盛紅顔子,言を寄す全盛の紅顔子,2134567
191,17,応憐半死白頭翁,応に憐れむべし半死の白頭翁,1234567
192,17,此翁白頭真可憐,此の翁白頭真に憐れむべし,1234576
193,17,伊昔紅顔美少年,伊れ昔紅顔の美少年,1234567
194,17,公子王孫芳樹下,公子王孫芳樹の下,1234567
195,17,清歌妙舞落花前,清歌妙舞す落花の前,1234567
196,17,光禄池台開錦繡,光禄の池台錦繡を開き,1234675
197,17,将軍楼閣画神仙,将軍の楼閣神仙を画く,1234675
198,17,一朝臥病無相識,一朝病に臥して相識無く,1243675
199,17,三春行楽在誰辺,三春の行楽誰が辺にか在る,1234675
200,17,宛転蛾眉能幾時,宛転たる蛾眉能く幾時ぞ,1234567
201,17,須臾鶴髪乱如糸,須臾にして鶴髪乱れて糸の如し,1234576
202,17,但看古来歌舞地,但だ看る古来歌舞の地,1234567
203,17,惟有黄昏鳥雀悲,惟だ黄昏鳥雀の悲しむ有るのみ,1345672
204,20,黄雲城辺鳥欲棲,黄雲城辺鳥棲まんと欲し,1234576
205,20,帰飛啞啞枝上啼,帰り飛んで啞啞として枝上に啼く,1234567
206,20,機中織錦秦川女,機中錦を織る秦川の女,1243567
207,20,碧紗如煙隔窓語,碧紗煙の如く窓を隔てて語る,1243657
208,20,停梭悵然憶遠人,梭を停めて悵然として遠人を憶い,2134675
209,20,独宿孤房涙如雨,独り孤房に宿して涙雨の如し,1342576
210,21,木蘭之枻沙棠舟,木蘭の枻沙棠の舟,1234567
211,21,玉簫金管坐両頭,玉簫金管両頭に坐す,1234675
212,21,美酒樽中置千斛,美酒樽中千斛を置き,1234675
213,21,載妓随波任去留,妓を載せ波に随って去留に任す,2143675
214,21,仙人有待乗黄鶴,仙人待つ有りて黄鶴に乗り,1243675
215,21,海客無心随白鴎,海客心無くして白鴎に随う,1243675
216,21,屈平詞賦懸日月,屈平の詞賦は日月に懸け,1234675
217,21,楚王台榭空山丘,楚王の台榭は空しく山丘,1234567
218,21,興酣落筆揺五岳,興酣にして筆を落せば五岳を揺がし,1243675
219,21,詩成笑傲凌滄洲,詩成って笑傲すれば滄洲を凌ぐ,1234675
220,21,功名富貴若長在,功名富貴若し長しえに在らば,1234567
221,21,漢水亦応西北流,漢水も亦た応に西北に流るべし,1234567
222,23,王郎酒酣抜剣斫地歌莫哀,王郎酒酣にして剣を抜き地を斫って莫哀を歌う,12346587AB9
223,23,我能抜爾抑塞磊落之奇才,我能く爾が抑塞磊落の奇才を抜かん,12456789AB3
224,23,予章翻風白日動,予章は風に翻って白日動き,1243567
225,23,鯨魚跋浪滄溟開,鯨魚は浪を跋んで滄溟開く,1243567
226,23,且脱剣佩休徘徊,且く剣佩を脱して徘徊するを休めよ,1342675
227,23,西得諸侯棹錦水,西のかた諸侯を得んとして錦水に棹さす,1342675
228,23,欲向何門趿珠履,何れの門に向ってか珠履を趿まんと欲する,3426751
229,23,仲宣楼頭春色深,仲宣の楼頭春色深し,1234567
230,23,青眼高歌望吾子,青眼高歌して吾子を望む,1234675
231,23,眼中之人吾老矣,眼中の人吾老いたり,1234567
232,24,安西都護胡青驄,安西都護の胡青驄,1234567
233,24,声価欻然来向東,声価欻然として来りて東に向う,1234576
234,24,此馬臨陣久無敵,此の馬陣に臨んで久しく敵無く,1243576
235,24,与人一心成大功,人と心を一にして大功を成せり,2143675
236,24,功成恵養随所致,功成って恵養せられて致す所に随い,1234765
237,24,飄飄遠自流沙至,飄飄として遠く流沙より至る,1235647
238,24,雄姿未受伏櫪恩,雄姿未だ受けず伏櫪の恩,1234567
239,24,猛気猶思戦場利,猛気猶お思う戦場の利,1234567
240,24,踠促蹄高如踣鉄,踠促まり蹄高くして鉄を踣むが如く,1234765
241,24,交河幾蹴層冰裂,交河幾たびか層冰を蹴みて裂く,1235647
242,24,五花散作雲満身,五花は散じて雲の身に満つるを作し,1235764
243,24,万里方看汗流血,万里方めて看る汗の血を流すを,1234576
244,24,長安壮児不敢騎,長安の壮児も敢えて騎らず,1234675
245,24,走過掣電傾城知,走過掣電城を傾けて知る,1234657
246,24,青糸絡頭為君老,青糸頭に絡いて君が為に老ゆ,1243657
247,24,何由却出横門道,何に由ってか却って出でん横門の道,1234567
248,26,知章騎馬似乗船,知章が馬に騎るは船に乗るに似たり,1243765
249,26,眼花落井水底眠,眼花み井に落ちて水底に眠る,1243567
250,26,汝陽三斗始朝天,汝陽は三斗にして始めて天に朝し,1234576
251,26,道逢麴車口流涎,道に麴車に逢えば口に涎を流す,1342576
252,26,恨不移封向酒泉,恨むらくは封を移して酒泉に向わざるを,1436752
253,26,左相日興費万銭,左相の日興万銭を費す,1234675
254,26,飲如長鯨吸百川,飲むこと長鯨の百川を吸うが如し,1346752
255,26,銜杯楽聖称避賢,杯を銜み聖を楽しみ賢を避くと称す,2143765
256,26,宗之瀟灑美少年,宗之は瀟灑たる美少年,1234567
257,26,挙觴白眼望青天,觴を挙げ白眼もて青天を望む,2134675
258,26,皎如玉樹臨風前,皎として玉樹の風前に臨むがごとし,1346752
259,26,蘇晋長斉繡仏前,蘇晋は長斉す繍仏の前,1234567
260,26,酔中往往愛逃禅,酔中往往にして逃禅を愛す,1234675
261,26,李白一斗詩百篇,李白は一斗詩百篇,1234567
262,26,長安市上酒家眠,長安市上酒家に眠る,1234567
263,26,天子呼来不上船,天子呼び来れども船に上らず,1234765
264,26,自称臣是酒中仙,自ら称す臣は是れ酒中の仙と,1234567
265,26,張旭三杯草聖伝,張旭は三杯草聖伝う,1234567
266,26,脱帽露頂王公前,帽を脱し頂を露す王公の前,2143567
267,26,揮毫落紙如雲煙,毫を揮い紙に落せば雲煙の如し,2143675
268,26,焦遂五斗方卓然,焦遂は五斗方に卓然,1234567
269,26,高談雄弁驚四筵,高談雄弁四筵を驚かす,1234675
270,27,少陵野老呑声哭,少陵の野老声を呑んで哭し,1234657
271,27,春日潜行曲江曲,春日潜行す曲江の曲,1234567
272,27,江頭宮殿鎖千門,江頭の宮殿千門を鎖し,1234675
273,27,細柳新蒲為誰緑,細柳新蒲誰が為にか緑なる,1234657
274,27,憶昔霓旌下南苑,憶う昔霓旌南苑に下りしとき,1234675
275,27,苑中万物生顔色,苑中の万物顔色を生ず,1234675
276,27,昭陽殿裏第一人,昭陽殿裏第一の人,1234567
277,27,同輦随君侍君側,輦を同じうし君に随って君側に侍す,2143675
278,27,輦前才人帯弓箭,輦前の才人弓箭を帯び,1234675
279,27,白馬嚼齧黄金勒,白馬嚼齧す黄金の勒,1234567
280,27,翻身向天仰射雲,身を翻して天に向かい仰いで雲を射る,2143576
281,27,一箭正堕双飛翼,一箭正に堕す双飛翼,1234567
282,27,明眸皓歯今何在,明眸皓歯今何くにか在る,1234567
283,27,血汚遊魂帰不得,血は遊魂を汚して帰り得ず,1342576
284,27,清渭東流剣閣深,清渭は東流し剣閣は深し,1234567
285,27,去住彼此無消息,去住彼此消息無し,1234675
286,27,人生有情涙沾臆,人生情有り涙臆を沾す,1243576
287,27,江水江花豈終極,江水江花豈に終に極まらんや,1234567
288,27,黄昏胡騎塵満城,黄昏胡騎塵城に満つ,1234576
289,27,欲往城南忘城北,城南に往かんと欲して城北を忘る,3421675
290,28,国初已来画鞍馬,国初已来鞍馬を画く,1234675
291,28,妙独数江都王,神妙独り数う江都王,123456
292,28,将軍得名三十載,将軍名を得ること三十載,1243567
293,28,人間又見真乗黄,人間又見る真の乗黄,1234567
294,28,曽貌先帝照夜白,曽て先帝の照夜白を貌くに,1345672
295,28,竜池十日飛霹靂,竜池十日霹靂飛ぶ,1234675
296,28,內府殷紅瑪瑙盤,内府殷紅の瑪瑙盤,1234567
297,28,婕妤伝詔才人索,婕妤詔を伝えて才人索む,1243567
298,28,盤賜将軍拝舞帰,盤将軍に賜わりて拝舞して帰る,1342567
299,28,軽紈細綺相追飛,軽紈細綺相追うて飛ぶ,1234567
300,28,貴戚権門得筆跡,貴戚権門筆跡を得て,1234675
301,28,始覚屛障生光輝,始めて覚ゆ屛障に光輝の生ずるを,1234675
302,28,昔日太宗拳毛騧,昔日太宗の拳毛騧,1234567
303,28,近時郭家獅子花,近時郭家の獅子花,1234567
304,28,今之新図有二馬,今の新図に二馬有り,1234675
305,28,復令識者久嘆嗟,復た識者をして久しく嘆嗟せしむ,1234567
306,28,此皆騎戦一敵万,此れ皆騎戦すれば一万に敵す,1234576
307,28,縞素漠漠開風沙,縞素漠漠として風沙を開く,1234675
308,28,其余七匹亦殊絶,其の余の七匹も亦た殊絶,1234567
309,28,迥若寒空動煙雪,迥かに寒空に煙雪を動かすが若し,1346752
310,28,霜蹄蹴踏長楸間,霜蹄蹴踏す長楸の間,1234567
311,28,馬官厮養森成列,馬官厮養森として列を成す,1234576
312,28,可憐九馬争神駿,憐れむ可し九馬神駿を争うを,2134675
313,28,顧視清高気深穏,顧視清高にして気は深穏,1234567
314,28,借問苦心愛者誰,借問す苦心愛する者は誰ぞと,1234567
315,28,後有韋諷前支遁,後には韋諷有り前には支遁,1342567
316,28,憶昔巡幸新豊宮,憶う昔新豊宮に巡幸せしことを,1256734
317,28,翠華払天来向東,翠華天を払って来りて東に向う,1243576
318,28,騰驤磊落三万匹,騰驤磊落三万匹,1234567
319,28,皆与此図筋骨同,皆此の図と筋骨同じ,1342567
320,28,自従献宝朝河宗,宝を献じて河宗に朝せしより,4367512
321,28,無復射蛟江水中,復た蛟を江水の中に射る無し,2456731
322,28,君不見金粟堆前松柏裏,君見ずや金粟堆前松柏の裏,132456789A
323,28,竜媒去尽鳥呼風,竜媒去り尽くして鳥の風に呼ぶを,1234576
324,29,将軍魏武之子孫,将軍は魏武の子孫,1234567
325,29,於今為庶為清門,今に於いて庶と為るも清門為り,2143675
326,29,英雄割拠雖已矣,英雄の割拠は已みぬと雖も,1234675
327,29,文彩風流今尚存,文彩風流今尚お存す,1234567
328,29,学書初学衛夫人,書を学んで初め衛夫人を学び,2135674
329,29,但恨無過王右軍,但だ恨む王右軍に過ぐる無きを,1256743
330,29,丹青不知老将至,丹青知らず老いの将に至らんとするを,1243567
331,29,富貴於我如浮雲,富貴は我に於いて浮雲の如し,1243675
332,29,開元之中常引見,開元の中常に引見せられ,1234567
333,29,承恩数上南薫殿,恩を承けて数〻上る南薫殿,2134567
334,29,凌煙功臣少顔色,凌煙の功臣顔色少くも,1234675
335,29,将軍下筆開生面,将軍筆を下せば生面を開く,1243675
336,29,良相頭上進賢冠,良相の頭上には進賢冠,1234567
337,29,猛将腰間大羽箭,猛将の腰間には大羽箭,1234567
338,29,褒公鄂公毛髪動,褒公鄂公毛髪動き,1234567
339,29,英姿颯爽来酣戦,英姿颯爽として酣戦より来る,1234675
340,29,先帝天馬玉花驄,先帝の天馬玉花驄,1234567
341,29,画工如山貌不同,画工山の如きも貌同じからず,1243576
342,29,是日牽来赤墀下,是の日牽き来る赤墀の下,1234567
343,29,迥立閶闔生長風,迥かに閶闔に立てば長風生ず,1342675
344,29,詔謂将軍払絹素,詔して将軍に謂う絹素を払えと,1342675
345,29,意匠惨澹経営中,意匠惨澹たり経営の中,1234567
346,29,斯須九重真竜出,斯須にして九重に真竜出で,1234567
347,29,一洗万古凡馬空,万古の凡馬を一洗して空し,3456127
348,29,玉花却在御榻上,玉花却って御榻の上に在り,1235674
349,29,榻上庭前屹相向,榻上庭前屹として相向う,1234567
350,29,至尊含笑催賜金,至尊笑みを含んで金を賜うを催し,1243765
351,29,圉人太僕皆惆悵,圉人太僕皆惆悵たり,1234567
352,29,弟子韓幹早入室,弟子の韓幹早く室に入り,1234576
353,29,亦能画馬窮殊相,亦た能く馬を画いて殊相を窮む,1243675
354,29,幹惟画肉不画骨,幹は惟だ肉を画いて骨を画かず,1243765
355,29,忍使驊騮気凋喪,忍んで驊騮をして気凋喪せしむ,1345672
356,29,将軍善画蓋有神,将軍の画の善きは蓋し神有ればなり,1243576
357,29,必逢佳士亦写真,必ず佳士に逢わば亦た真を写さん,1342576
358,29,即今飄泊干戈際,即今飄泊す干戈の際,1234567
359,29,屢貌尋常行路人,屢〻貌く尋常行路の人,1234567
360,29,途窮反遭俗眼白,途窮まって反って俗眼の白きに遭う,1235674
361,29,世上未有如公貧,世上未だ公の如く貧しきは有らず,1236574
362,29,但看古来盛名下,但だ看よ古来盛名の下,1234567
363,29,終日坎壈纏其身,終日坎壈其の身に纏うを,1234675
364,31,人日題詩寄草堂,人日詩を題して草堂に寄す,1243675
365,31,遥憐故人思故郷,遥かに憐れむ故人の故郷を思うを,1234675
366,31,柳条弄色不忍見,柳条色を弄して見るに忍びず,1243765
367,31,梅花満枝空断腸,梅花枝に満ちて空しく断腸,1243567
368,31,身在南蕃無所預,身は南蕃に在りて預る所無く,1342765
369,31,心懐百憂復千慮,心に懐く百憂復た千慮,1234567
370,31,今年人日空相憶,今年人日空しく相憶う,1234567
371,31,明年人日知何処,明年人日知んぬ何れの処ぞ,1234567
372,31,一臥東山三十春,一たび東山に臥して三十春,1342567
373,31,豈知書剣老風塵,豈に知らんや書剣風塵に老いんとは,1234675
374,31,竜鐘還忝二千石,竜鐘還た忝うす二千石,1234567
375,31,愧爾東西南北人,愧ず爾東西南北の人,1234567
376,32,下馬登鄴城,馬より下りて鄴城に登れば,21453
377,32,城空復何見,城空しくして復た何をか見ん,12345
378,32,東風吹野火,東風野火を吹き,12453
379,32,暮入飛雲殿,暮に入る飛雲殿,12345
380,32,城隅南対望陵台,城隅南のかた望陵台に対えば,1235674
381,32,漳水東流不復回,漳水東流して復た回らず,1234675
382,32,武帝宮中人去尽,武帝の宮中人去り尽くす,1234567
383,32,年年春色為誰来,年年の春色誰が為にか来る,1234657
384,34,君不聞胡笳声最悲,君聞かずや胡笳の声最も悲しきを,13245678
385,34,紫髯緑眼胡人吹,紫髯緑眼の胡人吹く,1234567
386,34,吹之一曲猶未了,之を吹きて一曲猶お未だ了らざるに,2134567
387,34,愁殺楼蘭征戍児,愁殺す楼蘭征戍の児,1234567
388,34,涼秋八月蕭関道,涼秋八月蕭関の道,1234567
389,34,北風吹断天山草,北風吹き断つ天山の草,1234567
390,34,崑崙山南月欲斜,崑崙山南月斜めならんと欲し,1234576
391,34,胡人向月吹胡笳,胡人月に向かいて胡笳を吹く,1243675
392,34,胡笳怨兮将送君,胡笳の怨み将に君を送らんとす,1234576
393,34,秦山遥望隴山雲,秦山遥かに望む隴山の雲,1234567
394,34,辺城夜夜多愁夢,辺城夜夜愁夢多し,1234675
395,34,向月胡笳誰喜聞,月に向いて胡笳誰か聞くを喜ばん,2134576
396,35,烏孫腰間佩両刀,烏孫腰間両刀を佩ぶ,1234675
397,35,刃可吹毛錦為帯,刃は毛を吹くべく錦を帯と為す,1432576
398,35,握中枕宿穹廬室,握中枕宿す穹廬の室,1234567
399,35,馬上割飛翳螉塞,馬上割飛す翳螉の塞,1234567
400,35,執之魍魎誰能前,之を執らば魍魎誰か能く前まん,2134567
401,35,気凜清風沙漠辺,気は凜たり清風沙漠の辺,1234567
402,35,磨用陰山一片玉,磨くに陰山一片の玉を用い,1345672
403,35,洗将胡地独流泉,洗うに胡地独流の泉を将ってす,1345672
404,35,主人屏風写奇状,主人の屏風奇状を写す,1234675
405,35,鉄鞘金鐶儼相向,鉄鞘金鐶儼として相向う,1234567
406,35,回頭瞪目時一看,頭を回らし目を瞪りて時に一たび看れば,2143567
407,35,使予心在江湖上,予が心をして江湖の上に在らしむ,2356741
408,36,終南有茅屋,終南に茅屋有り,12453
409,36,前対終南山,前は終南山に対す,13452
410,36,終年無客長閉関,終年客無くして長く関を閉し,1243576
411,36,終日無心長自間,終日心無くして長く自ずから間なり,1243567
412,36,不妨飲酒復垂釣,酒を飲み復た釣を垂るるを妨げず,4357621
413,36,君但能来相往還,君但だ能く来らば相往還せよ,1234567
414,37,黄雀銜黄花,黄雀黄花を銜み,12453
415,37,翩翩傍簷隙,翩翩として簷隙に傍う,12453
416,37,本擬報君恩,本君恩に報いんと擬す,14532
417,37,如何反弾射,如何ぞ反って弾射する,12345
418,37,金罍美酒満座春,金罍の美酒満座の春,1234567
419,37,平原愛才多衆賓,平原才を愛して衆賓多し,1243675
420,37,満堂尽是忠義士,満堂尽く是れ忠義の士,1234567
421,37,何意得有讒諛人,何ぞ意わん讒諛の人有るを得んとは,1256743
422,37,諛言反覆那可道,諛言反覆那ぞ道う可けん,1234576
423,37,能令君心不自保,能く君が心をして自ら保たざらしむ,1346752
424,37,北園新栽桃李枝,北園新たに栽う桃李の枝,1234567
425,37,根株未固何転移,根株未だ固からざるに何ぞ転移するや,1234567
426,37,成陰結実君自取,陰を成し実を結ばば君自ら取れ,2143567
427,37,若問傍人那得知,若し傍人に問うも那ぞ知るを得ん,1342576
428,38,去年上策不見収,去年策を上って収められず,1243675
429,38,今年寄食仍淹留,今年寄食して仍お淹留す,1234567
430,38,羨君有酒能便酔,羨む君が酒有らば能く便ち酔うを,1243567
431,38,羨君無銭能不憂,羨む君が銭無きも能く憂えざるを,1243576
432,38,如今五侯不待客,如今五侯客を待たず,1234765
433,38,羨君不入五侯宅,羨む君が五侯の宅に入らざることを,1256743
434,38,如今七貴方自専,如今七貴方に自ら専らにす,1234567
435,38,羨君不過七貴門,羨む君が七貴の門に過らざるを,1256743
436,38,丈夫会応有知己,丈夫会ず応に知己有るべし,1234675
437,38,世上悠悠安足論,世上の悠悠たる安くんぞ論ずるに足らん,1234576
438,40,秋風鳴桑条,秋風桑条に鳴り,12453
439,40,草白狐兔驕,草白くして狐兎驕れり,12345
440,40,邯鄲飲来酒未消,邯鄲飲み来って酒未だ消めず,1234567
441,40,城北原平掣皂鵰,城北原平らかにして皂鵰を掣す,1234675
442,40,射殺空営両騰虎,射殺す空営の両騰虎,1234567
443,40,廻身却月佩弓鞘,身を廻らせば却月弓鞘に佩く,2134675
444,41,去年燕巣主人屋,去年燕は巣くう主人の屋,1234567
445,41,今年花発路傍枝,今年花は発く路傍の枝,1234567
446,41,年年為客不到舎,年年客と為りて舎に到らず,1243765
447,41,旧国存亡那得知,旧国の存亡那んぞ知るを得ん,1234576
448,41,胡塵一起乱天下,胡塵一たび起りて天下を乱せしより,1234675
449,41,何処春風無別離,何れの処か春風別離無からん,1234675
450,43,君不見呉王宮閣臨江起,君見ずや呉王の宮閣江に臨んで起るを,132456798A
451,43,不捲珠簾見江水,珠簾を捲かずして江水を見る,3421675
452,43,暁気晴来双闕間,暁気晴れ来る双闕の間,1234567
453,43,潮声夜落千門裏,潮声夜落つ千門の裏,1234567
454,43,勾践城中非旧春,勾践の城中旧春に非ず,1234675
455,43,姑蘇台下起黄塵,姑蘇台下黄塵起る,1234675
456,43,祗今唯有西江月,祗今唯だ西江の月のみ有り,1235674
457,43,曽照呉王宮裏人,曽て照らす呉王宮裏の人,1234567
458,44,山河千里国,山河千里の国,12345
459,44,城闕九重門,城闕九重の門,12345
460,44,不睹皇居壮,皇居の壮なるを睹ずんば,34521
461,44,安知天子尊,安んぞ天子の尊きを知らん,13452
462,44,皇居帝里崤函谷,皇居帝里崤函谷,1234567
463,44,鶉野竜山侯甸服,鶉野竜山侯甸服,1234567
464,44,五緯連影集星躔,五緯影を連ねて星躔に集まり,1243675
465,44,八水分流横地軸,八水流れを分ちて地軸に横たわる,1243675
466,44,秦塞重関一百二,秦塞の重関一百二,1234567
467,44,漢家離宮三十六,漢家の離宮三十六,1234567
468,44,桂殿陰岑対玉楼,桂殿陰岑として玉楼に対し,1234675
469,44,椒房窈窕連金屋,椒房窈窕として金屋に連ぬ,1234675
470,44,三条九陌麗城隈,三条九陌城隈に麗き,1234675
471,44,万戸千門平旦開,万戸千門平旦に開く,1234567
472,44,複道斜通鳷鵲観,複道斜めに通ず鳷鵲観,1234567
473,44,交衢直指鳳凰台,交衢直ぐに指す鳳凰台,1234567
474,44,剣履南宮入,剣履南宮に入り,12345
475,44,簪纓北闕来,簪纓北闕より来る,12345
476,44,声明冠寰宇,声明寰宇に冠たり,12453
477,44,文物象昭回,文物昭回を象る,12453
478,44,鉤陳粛蘭戺,鉤陳蘭戺粛たり,12453
479,44,璧沼浮槐市,璧沼槐市浮ぶ,12453
480,44,銅羽応風廻,銅羽風に応じて廻り,12435
481,44,金茎承露起,金茎露を承けて起つ,12435
482,44,校文天禄閣,文を校す天禄閣,21345
483,44,習戦昆明水,戦いを習う昆明水,21345
484,44,朱邸抗平台,朱邸平台に抗し,12453
485,44,黄扉通戚里,黄扉戚里に通ず,12453
486,44,平台戚里帯崇墉,平台戚里崇墉を帯び,1234675
487,44,炊金饌玉待鳴鐘,金を炊ぎ玉を饌して鳴鐘を待つ,2143675
488,44,小堂綺帳三千戸,小堂の綺帳三千戸,1234567
489,44,大道青楼十二重,大道の青楼十二重,1234567
490,44,宝蓋雕鞍金絡馬,宝蓋雕鞍金絡馬,1234567
491,44,蘭窓繡柱玉盤竜,蘭窓繡柱玉盤竜,1234567
492,44,繡柱璇題粉壁映,繡柱璇題粉壁映じ,1234567
493,44,鏘金鳴玉王侯盛,鏘金鳴玉王侯盛んなり,1234567
494,44,王侯貴人多近臣,王侯貴人近臣多し,1234675
495,44,朝遊北里暮南隣,朝に北里に遊び暮には南隣,1342567
496,44,陸賈分金将燕喜,陸賈金を分ちて将に燕喜せんとし,1243567
497,44,陳遵投轄尚留賓,陳遵轄を投じて尚賓を留む,1243576
498,44,趙李経過密,趙李経過密に,12345
499,44,蕭朱交結親,蕭朱交結親し,12345
500,44,丹鳳朱城白日暮,丹鳳朱城白日暮れ,1234567
501,44,青牛紺幰紅塵度,青牛紺幰紅塵度る,1234567
502,44,俠客珠弾垂楊道,俠客の珠弾垂楊の道,1234567
503,44,倡婦銀鉤採桑路,倡婦の銀鉤採桑の路,1234567
504,44,倡家桃李自芳菲,倡家の桃李自ずから芳菲,1234567
505,44,京華遊俠事軽肥,京華の遊俠軽肥を事とす,1234675
506,44,延年女弟双飛入,延年の女弟双飛して入り,1234567
507,44,羅敷使君千騎帰,羅敷の使君千騎にて帰る,1234567
508,44,同心結縷帯,同心結縷の帯,12345
509,44,連理織成衣,連理織成の衣,12345
510,44,春朝桂尊尊百味,春朝の桂尊尊ごとに百味,1234567
511,44,秋夜蘭灯灯九微,秋夜の蘭灯灯ごとに九微,1234567
512,44,翠幌珠簾不独映,翠幌珠簾独りは映ぜず,1234675
513,44,清歌宝瑟自相依,清歌宝瑟自ずから相依る,1234567
514,44,且論三万六千是,且く論ぜん三万六千の是,1234567
515,44,寧知四十九年非,寧くんぞ知らん四十九年の非,1234567
516,44,古来名利若浮雲,古来名利浮雲の若し,1234675
517,44,人生倚伏信難分,人生の倚伏信に分ち難し,1234576
518,44,始見田竇相移奪,始めて見る田竇の相移奪するを,1234567
519,44,俄聞衛霍有功勲,俄かに聞く衛霍の功勲有るを,1234675
520,44,未厭金陵気,未だ厭せず金陵の気,12345
521,44,先開石槨文,先に開く石槨の文,12345
522,44,朱門無復張公子,朱門復た張公子無く,1245673
523,44,灞亭誰畏李将軍,灞亭誰か畏れん李将軍,1234567
524,44,相顧百齢皆有待,相顧みるに百齢皆待つ有り,1234576
525,44,居然万化咸応改,居然として万化咸応に改まるべし,1234567
526,44,桂枝芳気已銷亡,桂枝の芳気已に銷亡し,1234567
527,44,柏梁高宴今何在,柏梁の高宴今何くにか在る,1234567
528,44,春去春来苦自馳,春去り春来りて苦に自ずから馳せ,1234567
529,44,争名争利徒爾為,名を争い利を争うて徒らに爾為す,2143567
530,44,久留郎署終難遇,久しく郎署に留まるも終に遇い難く,1342576
531,44,空掃相門誰見知,空しく相門を掃くも誰にか知られん,1342567
532,44,当時一旦擅繁華,当時一旦繁華を擅にし,1234675
533,44,自言千載長驕奢,自ら言う千載長えに驕奢せんと,1234567
534,44,倏忽摶風生羽翼,倏忽として風に摶って羽翼を生ずるも,1243675
535,44,須臾失浪委泥沙,須臾にして浪を失って泥沙に委す,1243675
536,44,黄雀徒巣桂,黄雀徒らに桂に巣くい,12354
537,44,青門遂種瓜,青門遂に瓜を種う,12354
538,44,黄金銷鑠素糸変,黄金は銷鑠し素糸は変ず,1234567
539,44,一貴一賤交情見,一貴一賤交情見る,1234567
540,44,紅顔宿昔白頭新,紅顔宿昔白頭新たなり,1234567
541,44,脱粟布衣軽故人,脱粟布衣故人を軽んず,1234675
542,44,故人有湮淪,故人湮淪する有り,12453
543,44,新知無意気,新知意気無し,12453
544,44,灰死韓安国,灰は死す韓安国,12345
545,44,羅傷翟廷尉,羅は傷ましむ翟廷尉,12345
546,44,已矣哉,已んぬる哉,123
547,44,帰去来,帰りなんいざ,123
548,44,馬卿辞蜀多文藻,馬卿蜀を辞して文藻多く,1243675
549,44,揚雄仕漢乏良媒,揚雄漢に仕えて良媒乏し,1243675
550,44,三冬自矜誠足用,三冬自ら矜る誠に用うるに足ると,1234576
551,44,十年不調幾邅廻,十年調せられず幾たびか邅廻す,1243567
552,44,汲黯薪逾積,汲黯薪逾〻積み,12345
553,44,孫弘閣未開,孫弘閣未だ開かず,12345
554,44,誰惜長沙傅,誰か惜しまん長沙の傅の,12345
555,44,独負洛陽才,独り洛陽の才を負うを,13452
556,45,暁幕紅襟燕,暁幕紅襟の燕,12345
557,45,春城白項烏,春城白項の烏,12345
558,45,只来梁上語,只だ梁上に来りて語り,13425
559,45,不向府中趨,府中に向って趨らず,34251
560,45,城頭坎坎鼓声曙,城頭坎坎として鼓声曙け,1234567
561,45,満庭新種桜桃樹,満庭新たに種う桜桃の樹,1234567
562,45,桃花昨夜撩乱開,桃花昨夜撩乱として開き,1234567
563,45,当軒発色映楼台,軒に当りて色を発し楼台に映ず,2143675
564,45,十千兌得余杭酒,十千兌え得たり余杭の酒,1234567
565,45,二月春城長命杯,二月春城長命の杯,1234567
566,45,酒後留君待明月,酒後君を留めて明月を待ち,1243675
567,45,還将明月送君回,還た明月を将って君が回るを送らん,1342675
568,46,東皐薄暮望,東皐薄暮に望み,12345
569,46,徙倚欲何依,徙倚何くに依らんと欲する,12453
570,46,樹樹皆秋色,樹樹皆秋色,12345
571,46,山山惟落暉,山山惟落暉,12345
572,46,牧人駆犢返,牧人犢を駆って返り,12435
573,46,猟馬帯禽帰,猟馬禽を帯びて帰る,12435
574,46,相顧無相識,相顧みるに相識無く,12453
575,46,長歌懐采薇,長歌采薇を懐う,12453
576,47,烽火照西京,烽火西京を照らし,12453
577,47,心中自不平,心中自ずから平らかならず,12354
578,47,牙璋辞鳳闕,牙璋鳳闕を辞し,12453
579,47,鉄騎繞竜城,鉄騎竜城を繞る,12453
580,47,雪暗凋旗画,雪暗くして旗画凋み,12453
581,47,風多雑鼓声,風多くして鼓声雑わる,12453
582,47,寧為百夫長,寧ろ百夫の長と為らんも,13452
583,47,勝作一書生,一書生と作るに勝れり,34521
584,48,城闕輔三秦,城闕三秦を輔とし,12453
585,48,風煙望五津,風煙五津を望む,12453
586,48,与君離別意,君と離別の意,21345
587,48,同是宦遊人,同じく是れ宦遊の人,12345
588,48,海内存知己,海内知己を存せば,12453
589,48,天涯若比隣,天涯も比隣の若し,12453
590,48,無為在岐路,為す無かれ岐路に在りて,21453
591,48,児女共沾巾,児女と共に巾を沾すを,12354
592,49,故郷杳無際,故郷杳として際無し,12354
593,49,日暮且孤征,日暮且らく孤征す,12345
594,49,川原迷旧国,川原旧国に迷い,12453
595,49,道路入辺城,道路辺城に入る,12453
596,49,野戍荒烟断,野戍荒煙断え,12345
597,49,深山古木平,深山古木平らかなり,12345
598,49,如何此時恨,如何ぞ此の時の恨み,12345
599,49,噭噭夜猿鳴,噭噭として夜猿鳴く,12345
600,50,銀燭吐青烟,銀燭青煙を吐き,12453
601,50,金尊対綺筵,金尊綺筵に対す,12453
602,50,離堂思琴瑟,離堂琴瑟に思い,12453
603,50,別路繞山川,別路山川を繞る,12453
604,50,明月隠高樹,明月高樹に隠れ,12453
605,50,長河没暁天,長河暁天に没す,12453
606,50,悠悠洛陽去,悠悠として洛陽に去らば,12345
607,50,此会在何年,此の会何れの年にか在らん,12453
608,51,金天方粛殺,金天方に粛殺,12345
609,51,白露始専征,白露始めて専征す,12345
610,51,王師非楽戦,王師は戦いを楽しむに非ず,12543
611,51,之子慎佳兵,之の子佳兵を慎め,12453
612,51,海気侵南部,海気南部を侵し,12453
613,51,辺風掃北平,辺風北平を掃う,12453
614,51,莫売盧竜塞,盧竜の塞を売り,34521
615,51,帰邀麟閣名,帰って麟閣の名を邀むること莫れ,13452
616,52,北斗挂城辺,北斗城辺に挂り,12453
617,52,南山倚殿前,南山殿前に倚る,12453
618,52,雲標金闕迥,雲標金闕迥かに,12345
619,52,樹杪玉堂懸,樹杪玉堂懸る,12345
620,52,半嶺通佳気,半嶺佳気通じ,12453
621,52,中峰繞瑞煙,中峰瑞煙繞る,12453
622,52,小臣持献寿,小臣持して寿を献じ,12354
623,52,長此戴尭天,長しえに此に尭天を戴かん,12453
624,53,独有宦遊人,独り宦遊に人有り,13452
625,53,偏驚物候新,偏えに物候の新たなるを驚く,13452
626,53,雲霞出海曙,雲霞海を出でて曙け,12435
627,53,梅柳度江春,梅柳江を度って春なり,12435
628,53,淑気催黄鳥,淑気黄鳥を催し,12453
629,53,晴光転緑蘋,晴光緑蘋を転ず,12453
630,53,忽聞歌古調,忽ち古調を歌うを聞き,14532
631,53,帰思欲沾巾,帰思巾を沾さんと欲す,12543
632,54,明月高秋迥,明月高秋に迥かなり,12345
633,54,愁人独夜看,愁人独夜に看る,12345
634,54,暫将弓並曲,暫く弓と並に曲りしも,13245
635,54,翻与扇倶団,翻って扇と倶に団かなり,13245
636,54,露濯清輝苦,露は清輝を濯いて苦え,13425
637,54,風飄素影寒,風は素影を飄して寒し,13425
638,54,羅衣一此鑒,羅衣一たび此に鑒らされ,12345
639,54,頓使別離難,頓に別離をして難からしむ,13452
640,57,三乗帰浄域,三乗浄域に帰らんとし,12453
641,57,万騎餞通荘,万騎通荘に餞す,12453
642,57,就日離亭近,日に就いて離亭近く,21345
643,57,弥天別路長,天に弥って別路長し,21345
644,57,荊南旋杖鉢,荊南杖鉢を旋らせば,12453
645,57,渭北限津梁,渭北津梁を限る,12453
646,57,何日紆真果,何れの日か真果を紆い,12453
647,57,還来入帝郷,還り来って帝郷に入らん,12453
648,58,別業臨青甸,別業青甸に臨み,12453
649,58,鳴鑾降紫霄,鳴鑾紫霄より降る,12453
650,58,長筵鵷鷺集,長筵鵷鷺集まり,12345
651,58,仙管鳳皇調,仙管鳳皇調う,12345
652,58,樹接南山近,樹は南山に接して近く,13425
653,58,煙含北渚遥,煙は北渚を含みて遥かなり,13425
654,58,承恩咸已酔,恩を承けて咸已に酔うも,21345
655,58,恋賞未還鑣,恋賞未だ鑣を還さず,12354
656,59,東壁図書府,東壁図書の府,12345
657,59,西園翰墨林,西園翰墨の林,12345
658,59,誦詩聞国政,詩を誦しては国政を聞き,21453
659,59,講易見天心,易を講じては天心を見る,21453
660,59,位窃和羹重,位は和羹の重きを窃み,13452
661,59,恩叨酔酒深,恩は酔酒の深きを叨りにす,13452
662,59,載歌春興曲,載ち春興の曲を歌わん,13452
663,59,情竭為知音,情の竭くるは知音が為なり,12453
664,60,旧館分江口,旧館は分江の口,12345
665,60,凄然望落暉,凄然として落暉を望む,12453
666,60,相逢伝旅食,相逢うて旅食を伝え,12453
667,60,臨別換征衣,別れに臨んでは征衣を換う,21453
668,60,昔記山川是,昔は記ゆ山川の是なるを,12345
669,60,今傷人代非,今は傷む人代の非なるを,12345
670,60,往来皆此路,往来皆此の路なるに,12345
671,60,生死不同帰,生死帰るを同じうせず,12543
672,61,涼風吹夜雨,涼風夜雨を吹き,12453
673,61,蕭瑟動寒林,蕭瑟として寒林を動かす,12453
674,61,正有高堂宴,正に高堂の宴有り,13452
675,61,能忘遅暮心,能く遅暮の心を忘る,13452
676,61,軍中宜剣舞,軍中宜しく剣舞すべし,12345
677,61,塞上重笳音,塞上笳音を重んず,12453
678,61,不作辺城将,辺城の将と作らずんば,34521
679,61,誰知恩遇深,誰か恩遇の深きを知らん,13452
680,62,香閣東山下,香閣東山の下,12345
681,62,煙花象外幽,煙花象外に幽なり,12345
682,62,懸灯千嶂夕,灯を懸く千嶂の夕べ,21345
683,62,巻幔五湖秋,幔を巻く五湖の秋,21345
684,62,画壁余鴻雁,画壁鴻雁余り,12453
685,62,紗窓宿斗牛,紗窓斗牛宿る,12453
686,62,更疑天路近,更に疑う天路の近きかと,12345
687,62,夢与白雲遊,夢に白雲と遊ぶ,13425
688,64,塞虜乗秋下,塞虜秋に乗じて下り,12435
689,64,天兵出漢家,天兵漢家を出づ,12453
690,64,将軍分虎竹,将軍虎竹を分ち,12453
691,64,戦士臥竜沙,戦士竜沙に臥す,12453
692,64,辺月随弓影,辺月弓影に随い,12453
693,64,胡霜払剣花,胡霜剣花を払う,12453
694,64,玉関殊未入,玉関殊に未だ入らず,12345
695,64,少婦莫長嗟,少婦長嗟すること莫かれ,12453
696,65,燕支黄葉落,燕支黄葉落つらん,12345
697,65,妾望白登台,妾は望む白登台,12345
698,65,海上碧雲断,海上碧雲断ち,12345
699,65,単于秋色来,単于秋色来る,12345
700,65,胡兵沙塞合,胡兵沙塞に合し,12345
701,65,漢使玉関回,漢使玉関より回る,12345
702,65,征客無帰日,征客帰る日無し,12453
703,65,空悲蕙草摧,空しく悲しむ蕙草の摧くるを,12345
704,66,青山横北郭,青山北郭に横たわり,12453
705,66,白水遶東城,白水東城を遶る,12453
706,66,此地一為別,此の地一たび別れを為し,12354
707,66,孤蓬万里征,孤蓬万里に征く,12345
708,66,浮雲遊子意,浮雲遊子の意,12345
709,66,落日故人情,落日故人の情,12345
710,66,揮手自茲去,手を揮って茲より去れば,21435
711,66,蕭蕭班馬鳴,蕭蕭として班馬鳴く,12345
712,67,見説蚕叢路,説うならく蚕叢の路,12345
713,67,崎嶇不易行,崎嶇として行き易からずと,12543
714,67,山従人面起,山は人面より起り,13425
715,67,雲傍馬頭生,雲は馬頭に傍うて生ず,13425
716,67,芳樹籠秦桟,芳樹秦桟を籠め,12453
717,67,春流遶蜀城,春流蜀城を遶る,12453
718,67,升沈応已定,升沈応に已に定まるべし,12345
719,67,不必問君平,必ずしも君平に問わず,24531
720,68,江城如画裏,江城画裏の如く,12453
721,68,山晩望晴空,山晩れて晴空を望む,12453
722,68,両水夾明鏡,両水明鏡夾み,12453
723,68,双橋落彩虹,双橋彩虹落つ,12453
724,68,人煙寒橘柚,人煙橘柚寒く,12453
725,68,秋色老梧桐,秋色梧桐老ゆ,12453
726,68,誰念北楼上,誰か念わん北楼の上,12345
727,68,臨風懐謝公,風に臨んで謝公を懐わんとは,21453
728,69,八月湖水平,八月湖水平らかなり,12345
729,69,涵虚混太清,虚を涵して太清に混ず,21453
730,69,気蒸雲夢沢,気は蒸す雲夢の沢,12345
731,69,波撼岳陽城,波は撼かす岳陽城,12345
732,69,欲済無舟楫,済らんと欲するに舟楫無く,21453
733,69,端居恥聖明,端居して聖明に恥ず,12453
734,69,坐観垂釣者,坐ろに釣を垂るる者を観て,14352
735,69,徒有羨魚情,徒らに魚を羨むの情有り,14352
736,71,太乙近天都,太乙天都に近く,12453
737,71,連山到海隅,連山海隅に到る,12453
738,71,白雲廻望合,白雲望みを廻らせば合し,12435
739,71,青靄入看無,青靄看に入れば無し,12435
740,71,分野中峰変,分野中峰に変じ,12345
741,71,陰晴衆壑殊,陰晴衆壑殊なり,12345
742,71,欲投人処宿,人処に投じて宿らんと欲し,34251
743,71,隔水問樵夫,水を隔てて樵夫に問う,21453
744,74,不識陽関路,識らず陽関の路,21345
745,74,新従定遠侯,新たに定遠侯に従う,13452
746,74,黄雲断春色,黄雲春色を断ち,12453
747,74,画角起辺愁,画角辺愁を起す,12453
748,74,瀚海経年別,瀚海年を経て別れ,12435
749,74,交河出塞流,交河塞を出でて流る,12435
750,74,須令外国使,須らく外国の使いをして,13452
751,74,知飲月支頭,月支の頭に飲むを知らしむべし,34521
752,80,聯歩趨丹陛,歩を聯ねて丹陛に趨るも,21453
753,80,分曹限紫微,曹を分って紫微に限らる,21453
754,80,暁随天仗入,暁には天仗に随って入り,13425
755,80,暮惹御香帰,暮には御香を惹いて帰る,13425
756,80,白髪悲花落,白髪花の落つるを悲しみ,12453
757,80,青雲羨鳥飛,青雲鳥の飛ぶを羨む,12453
758,80,聖朝無闕事,聖朝闕事無く,12453
759,80,自覚諫書稀,自ら覚ゆ諫書の稀なるを,12345
760,81,高閣逼諸天,高閣諸天に逼り,12453
761,81,登臨近日辺,登臨すれば日辺に近し,12453
762,81,晴開万井樹,晴れて開く万井の樹,12345
763,81,愁看五陵煙,愁えて看る五陵の煙,12345
764,81,檻外低秦嶺,檻外に秦嶺低く,12453
765,81,窓中小渭川,窓中に渭川小なり,12453
766,81,早知清浄理,早に清浄の理を知り,13452
767,81,常願奉金仙,常に金仙を奉ぜんと願う,14532
768,83,謫去君無恨,謫去君恨むこと無し,12354
769,83,閩中我旧過,閩中我旧過ぎたり,12345
770,83,大都秋雁少,大都秋雁少なく,12345
771,83,只是夜猿多,只だ是れ夜猿多し,12345
772,83,東路雲山合,東路雲山合し,12345
773,83,南天瘴癘和,南天瘴癘和す,12345
774,83,自当逢雨露,自ずから当に雨露に逢うべし,12453
775,83,行矣慎風波,行け風波を慎しめ,12453
776,84,匹馬行将夕,匹馬行〻将に夕ならんとす,12345
777,84,征途去転難,征途去って転た難し,12345
778,84,不知辺地別,辺地の別なるを知らず,34521
779,84,祗訝客衣単,祗だ客衣の単なるを訝る,13452
780,84,渓冷泉声苦,渓冷やかにして泉声苦しみ,12345
781,84,山空木葉乾,山空しくして木葉乾く,12345
782,84,莫言関塞極,言う莫かれ関塞極まると,21345
783,84,雨雪尚漫漫,雨雪尚お漫漫たり,12345
784,85,駆馬薊門北,馬を駆る薊門の北,21345
785,85,北風辺馬哀,北風辺馬哀しむ,12345
786,85,蒼茫遠山口,蒼茫たり遠山の口,12345
787,85,豁達胡天開,豁達として胡天開く,12345
788,85,五将已深入,五将已に深く入り,12345
789,85,前軍止半廻,前軍止だ半ば廻る,12345
790,85,誰憐不得意,誰か憐れまん意を得ずして,12543
791,85,長剣独帰来,長剣独り帰り来るを,12345
792,86,世上謾相識,世上謾に相識る,12345
793,86,此翁殊不然,此の翁殊に然らず,12354
794,86,興来書自聖,興来って書は自ずから聖に,12345
795,86,酔後語尤顚,酔後語は尤も顚なり,12345
796,86,白髪老間事,白髪間事に老い,12453
797,86,青雲在目前,青雲目前に在り,12453
798,86,床頭一壺酒,床頭一壺の酒,12345
799,86,能更幾回眠,能く更に幾回か眠る,12345
800,87,東郡趨庭日,東郡庭に趨る日,12435
801,87,南楼縦目初,南楼目を縦にする初め,12435
802,87,浮雲連海岱,浮雲海岱に連なり,12453
803,87,平野入青徐,平野青徐に入る,12453
804,87,孤嶂秦碑在,孤嶂秦碑在り,12345
805,87,荒城魯殿余,荒城魯殿余る,12345
806,87,従来多古意,従来古意多し,12453
807,87,臨眺独躊躇,臨眺して独り躊躇す,12345
808,88,胡馬大宛名,胡馬大宛の名,12345
809,88,鋒稜痩骨成,鋒稜痩骨成る,12345
810,88,竹批双耳峻,竹批ぎて双耳峻しく,12345
811,88,風入四蹄軽,風入りて四蹄軽し,12345
812,88,所向無空闊,向かう所空闊無く,21453
813,88,真堪託死生,真に死生を託するに堪えたり,14532
814,88,驍騰有如此,驍騰此のごとき有り,12543
815,88,万里可横行,万里横行すべし,12453
816,89,花隠掖垣暮,花は隠として掖垣暮れ,12345
817,89,啾啾棲鳥過,啾啾として棲鳥過ぐ,12345
818,89,星臨万戸動,星は万戸に臨んで動き,13425
819,89,月傍九霄多,月は九霄に傍うて多し,13425
820,89,不寝聴金鑰,寝ねずして金鑰を聴き,21453
821,89,因風想玉珂,風に因って玉珂を想う,21453
822,89,明朝有封事,明朝封事有り,12453
823,89,数問夜如何,数しば問う夜は如何と,12345
824,91,帯甲満天地,帯甲天地に満つ,12453
825,91,胡為君遠行,胡為れぞ君遠く行くや,12345
826,91,親朋尽一哭,親朋尽く一哭,12345
827,91,鞍馬去孤城,鞍馬孤城を去る,12453
828,91,草木歳月晩,草木歳月晩れ,12345
829,91,関河霜雪清,関河霜雪清し,12345
830,91,別離已昨日,別離已に昨日,12345
831,91,因見古人情,因って見る古人の情,12345
832,92,何年顧虎頭,何れの年か顧虎頭,12345
833,92,満壁画滄洲,満壁滄洲を画く,12453
834,92,赤日石林気,赤日石林の気,12345
835,92,青天江海流,青天江海の流れ,12345
836,92,錫飛常近鶴,錫飛んで常に鶴に近く,12354
837,92,杯渡不驚鴎,杯渡って鴎を驚かさず,12543
838,92,似得廬山路,廬山の路を得て,34512
839,92,真随恵遠遊,真に恵遠に随って遊ぶに似たり,13425
840,94,方丈渾連水,方丈渾て水に連なり,12354
841,94,天台総映雲,天台総て雲に映ず,12354
842,94,人間長見画,人間長く画を見,12354
843,94,老去恨空聞,老い去って空しく聞くを恨む,12453
844,94,范蠡舟偏小,范蠡舟偏えに小さく,12345
845,94,王喬鶴不群,王喬鶴群せず,12354
846,94,此生随万物,此の生万物に随う,12453
847,94,何処出塵氛,何れの処にか塵氛を出でん,12453
848,95,禹廟空山裏,禹廟空山の裏,12345
849,95,秋風落日斜,秋風落日斜めなり,12345
850,95,荒庭垂橘柚,荒庭橘柚垂れ,12453
851,95,古屋画竜蛇,古屋竜蛇を画く,12453
852,95,雲気生虚壁,雲気虚壁に生じ,12453
853,95,江声走白沙,江声白沙に走る,12453
854,95,早知乗四載,早く四載に乗るを知り,14532
855,95,疏鑿控三巴,疏鑿して三巴より控く,12453
856,96,細草微風岸,細草微風の岸,12345
857,96,危檣独夜舟,危檣独夜の舟,12345
858,96,星随平野闊,星は平野に随って闊く,13425
859,96,月湧大江流,月は大江に湧きて流る,13425
860,96,名豈文章著,名は豈に文章もて著われんや,12345
861,96,官因老病休,官は老病に因りて休む,13425
862,96,飄飄何所似,飄飄何の似たる所ぞ,12354
863,96,天地一沙鴎,天地の一沙鴎,12345
864,97,依沙宿舸船,沙に依りて舸船を宿す,21453
865,97,石瀬月娟娟,石瀬月娟娟たり,12345
866,97,風起春灯乱,風起りて春灯乱れ,12345
867,97,江鳴夜雨懸,江鳴りて夜雨懸る,12345
868,97,晨鐘雲外湿,晨鐘雲外に湿い,12345
869,97,勝地石堂煙,勝地石堂煙る,12345
870,97,柔艣軽鴎外,柔艣軽鴎の外,12345
871,97,含悽覚汝賢,悽を含んで汝の賢なるを覚ゆ,21453
872,98,昔聞洞庭水,昔聞く洞庭の水,12345
873,98,今上岳陽楼,今上る岳陽楼,12345
874,98,呉楚東南坼,呉楚東南に坼け,12345
875,98,乾坤日夜浮,乾坤日夜浮ぶ,12345
876,98,親朋無一字,親朋一字無く,12453
877,98,老病有孤舟,老病孤舟有り,12453
878,98,戎馬関山北,戎馬関山の北,12345
879,98,憑軒涕泗流,軒に憑りて涕泗流る,21345
880,99,客路青山外,客路青山の外,12345
881,99,行舟緑水前,行舟緑水の前,12345
882,99,潮平両岸闊,潮平らかにして両岸闊く,12345
883,99,風正一帆懸,風正しうして一帆懸る,12345
884,99,海日生残夜,海日残夜に生じ,12453
885,99,江春入旧年,江春旧年に入る,12453
886,99,郷書何処達,郷書何れの処にか達せん,12345
887,99,帰雁洛陽辺,帰雁洛陽の辺,12345
888,100,楚山不可極,楚山極む可からず,12543
889,100,帰路但蕭条,帰路但だ蕭条たり,12345
890,100,海色晴看雨,海色晴れて雨を看,12354
891,100,江声夜聴潮,江声夜潮を聴く,12354
892,100,剣留南斗近,剣は南斗に留まりて近く,13425
893,100,書寄北風遥,書は北風に寄せて遥かなり,13425
894,100,為報空潭橘,為に報ず空潭の橘,12345
895,100,無媒寄洛橋,洛橋に寄せんに媒無し,45321
896,102,秦川朝望迥,秦川朝に望めば迥かなり,12345
897,102,日出正東峰,日は出づ正東の峰,12345
898,102,遠近山河浄,遠近山河浄く,12345
899,102,逶迤城闕重,逶迤として城闕重なる,12345
900,102,秋声万戸竹,秋声万戸の竹,12345
901,102,寒色五陵松,寒色五陵の松,12345
902,102,客有帰与歎,客に帰らんかの歎き有り,13452
903,102,悽其霜露濃,悽として霜露濃やかなり,12345
904,103,香刹夜忘帰,香刹夜帰るを忘る,12354
905,103,松清古殿扉,松は清し古殿の扉,12345
906,103,灯明方丈室,灯は明らかなり方丈の室,12345
907,103,珠繫比丘衣,珠は繋く比丘の衣,12345
908,103,白日伝心浄,白日伝心浄く,12345
909,103,青蓮喩法微,青蓮喩法微なり,12345
910,103,天花落不尽,天花落ちて尽きず,12354
911,103,処処鳥銜飛,処処鳥銜んで飛ぶ,12345
912,104,城南虜已合,城南虜已に合し,12345
913,104,一夜幾重囲,一夜幾重にか囲む,12345
914,104,自有金笳引,自ずから金笳の引有り,13452
915,104,能令出塞飛,能く出塞をして飛ばしむ,13452
916,104,聴臨関月苦,聴は関月に臨んで苦え,13425
917,104,清入海風微,清は海風に入りて微かなり,13425
918,104,三奏高楼暁,三奏す高楼の暁,12345
919,104,胡人掩涙帰,胡人涙を掩うて帰る,12435
920,105,八月洞庭秋,八月洞庭の秋,12345
921,105,瀟湘水北流,瀟湘水北に流る,12345
922,105,還家万里夢,家に還る万里の夢,21345
923,105,為客五更愁,客と為る五更の愁い,21345
924,105,不用開書帙,用いず書帙を開くを,21453
925,105,偏宜上酒楼,偏えに宜し酒楼に上るに,12453
926,105,故人京洛満,故人京洛に満つ,12345
927,105,何日復同遊,何れの日か復た同じく遊ばん,12345
928,106,清晨入古寺,清晨古寺に入れば,12453
929,106,初日照高林,初日高林を照らす,12453
930,106,曲径通幽処,曲径幽処に通じ,12453
931,106,禅房花木深,禅房花木深し,12345
932,106,山光悦鳥性,山光鳥性を悦ばしめ,12453
933,106,潭影空人心,潭影人心を空しうす,12453
934,106,万籟此倶寂,万籟此に倶に寂たり,12345
935,106,惟聞鐘磬音,惟だ鐘磬の音を聞くのみ,13452
936,107,桂楫中流望,桂楫中流に望めば,12345
937,107,空波両畔明,空波両畔明らかなり,12345
938,107,林開揚子駅,林は開く揚子駅,12345
939,107,山出潤州城,山は出す潤州城,12345
940,107,海尽辺音静,海尽きて辺音静かに,12345
941,107,江寒朔吹生,江寒くして朔吹生ず,12345
942,107,更聞楓葉下,更に聞く楓葉下り,12345
943,107,淅瀝度秋声,淅瀝として秋声度るを,12453
944,108,岧嶤試一臨,岧嶤試みに一たび臨めば,12345
945,108,虜騎附城陰,虜騎城陰に附く,12453
946,108,不弁風塵色,風塵の色を弁ぜずんば,34521
947,108,安知天地心,安くんぞ天地の心を知らんや,13452
948,108,門開辺月近,門開けて辺月近く,12345
949,108,戦苦陣雲深,戦い苦しくして陣雲深し,12345
950,108,旦夕更楼上,旦夕更楼の上,12345
951,108,遥聞横笛音,遥かに聞く横笛の音,12345
952,109,晩景寒鴉集,晩景寒鴉集い,12345
953,109,秋風旅雁帰,秋風旅雁帰る,12345
954,109,水光浮日出,水光日を浮べて出で,12435
955,109,霞彩映江飛,霞彩江に映えて飛ぶ,12435
956,109,洲白蘆花吐,洲は白くして蘆花吐き,12345
957,109,園紅柿葉稀,園は紅にして柿葉稀なり,12345
958,109,長沙卑湿地,長沙は卑湿の地,12345
959,109,九月未成衣,九月未だ衣を成さず,12354
960,110,逢君穆陵路,君に逢う穆陵の路,21345
961,110,匹馬向桑乾,匹馬桑乾に向う,12453
962,110,楚国蒼山古,楚国蒼山古り,12345
963,110,幽州白日寒,幽州白日寒し,12345
964,110,城池百戦後,城池百戦の後,12345
965,110,耆旧幾家残,耆旧幾家か残れる,12345
966,110,処処蓬蒿徧,処処蓬蒿徧し,12345
967,110,帰人掩涙看,帰人涙を掩うて看ん,12435
968,111,山色遠含空,山色遠く空を含む,12354
969,111,蒼茫沢国東,蒼茫たり沢国の東,12345
970,111,海明先見日,海明けて先ず日を見,12354
971,111,江白迥聞風,江白くして迥かに風を聞く,12354
972,111,鳥道高原去,鳥道高原に去り,12345
973,111,人煙小径通,人煙小径通ず,12345
974,111,那知旧遺逸,那ぞ知らん旧遺逸の,12345
975,111,不在五湖中,五湖の中に在らざるを,34521
976,112,路自中峰上,路は中峰より上り,13425
977,112,盤回出薜蘿,盤回して薜蘿を出づ,12453
978,112,到江呉地尽,江に到りて呉地尽き,21345
979,112,隔岸越山多,岸を隔てて越山多し,21345
980,112,古木叢青靄,古木青靄に叢り,12453
981,112,遥天浸白波,遥天白波に浸る,12453
982,112,下方城郭近,下方城郭近く,12345
983,112,鐘磬雑笙歌,鐘磬笙歌に雑わる,12453
984,114,鷲嶺鬱岧嶤,鷲嶺鬱として岧嶤,12345
985,114,竜宮鎖寂寥,竜宮鎖されて寂寥,12345
986,114,楼観滄海日,楼には観る滄海の日,12345
987,114,門対浙江潮,門は対す浙江の潮,12345
988,114,桂子月中落,桂子月中より落ち,12345
989,114,天香雲外飄,天香雲外に飄る,12345
990,114,捫蘿登塔遠,蘿を捫んで塔に登ること遠く,21435
991,114,刳木取泉遥,木を刳りて泉を取ること遥かなり,21435
992,114,霜薄花更発,霜薄くして花更に発き,12345
993,114,氷軽葉互凋,氷は軽くして葉互いに凋む,12345
994,114,夙齢尚遐異,夙齢遐異を尚び,12453
995,114,披対滌煩囂,披対煩囂を滌う,12453
996,114,待入天台路,天台の路に入るを待って,34521
997,114,看余渡石橋,余が石橋を渡るを看よ,24531
998,115,虜地寒膠折,虜地寒膠折れ,12345
999,115,辺城夜柝聞,辺城夜柝聞こゆ,12345
1000,115,兵符関帝闕,兵符帝闕に関し,12453
1001,115,天策動将軍,天策将軍を動かす,12453
1002,115,塞静胡笳徹,塞は静かにして胡笳徹り,12345
1003,115,沙明楚練分,沙は明らかにして楚練分かる,12345
1004,115,風旗翻翼影,風旗翼影を翻し,12453
1005,115,霜剣転竜文,霜剣竜文を転ず,12453
1006,115,白羽揺如月,白羽揺いで月の如く,12354
1007,115,青山断若雲,青山断って雲の若し,12354
1008,115,煙疎疑巻幔,煙は疎にして幔を巻くかと疑い,12543
1009,115,塵滅似銷氛,塵は滅して氛を銷すに似たり,12543
1010,115,投筆懐班業,筆を投じて班業を懐い,21453
1011,115,臨戎想顧勲,戎に臨んで顧勲を想う,21453
1012,115,還応雪漢恥,還た応に漢の恥を雪ぎ,12453
1013,115,持此報明君,此を持して明君に報ずべし,21453
1014,116,振鷺纔飛日,振鷺纔めて飛ぶ日,12345
1015,116,遷鶯遠聴聞,遷鶯遠く聴聞す,12345
1016,116,明光共待漏,明光共に漏を待ち,12354
1017,116,清覧各披雲,清覧各〻雲を披く,12354
1018,116,喜得廊廟挙,廊廟の挙を得たるを喜び,34521
1019,116,嗟為台閣分,台閣の分を為すを嗟く,34521
1020,116,故林懐柏悦,故林柏悦を懐い,12453
1021,116,新握阻蘭薫,新握蘭薫を阻む,12453
1022,116,冠去神羊影,冠は去る神羊の影,12345
1023,116,車迎瑞雉群,車は迎う瑞ずい雉の群,12345
1024,116,遠従南斗外,遠く南斗の外より,13452
1025,116,遥望列星文,遥かに列星の文を望む,13452
1026,117,南洛師臣契,南洛師臣の契り,12345
1027,117,東巌王佐居,東巌王佐の居,12345
1028,117,幽情遺紱冕,幽情紱冕を遺れ,12453
1029,117,宸眷矚樵漁,宸眷樵漁を矚る,12453
1030,117,制下峒山蹕,制は下る峒山の蹕,12345
1031,117,恩回灞水輿,恩は回る灞水の輿,12345
1032,117,松門駐旌蓋,松門旌蓋を駐め,12453
1033,117,薜幄引簪裾,薜幄簪裾を引く,12453
1034,117,石磴平黄陸,石磴黄陸に平らかにして,12453
1035,117,煙楼半紫虚,煙楼紫虚に半ばせり,12453
1036,117,雲霞仙路近,雲霞仙路近く,12345
1037,117,琴酒俗塵疏,琴酒俗塵疏なり,12345
1038,117,喬木千齢外,喬木千齢の外,12345
1039,117,懸泉百丈余,懸泉百丈の余,12345
1040,117,崖深経錬薬,崖は深くして経て薬を錬り,12354
1041,117,穴古旧蔵書,穴は古りて旧と書を蔵す,12354
1042,117,樹宿摶風鳥,樹には宿る風に摶つ鳥,12435
1043,117,池潜縦壑魚,池には潜む壑に縦にする魚,12435
1044,117,寧知天子貴,寧んぞ知らん天子の貴きを,12345
1045,117,尚憶武侯廬,尚お武侯の廬を憶わんとは,13452
1046,118,日落滄江晩,日は落つ滄江の晩,12345
1047,118,停橈問土風,橈を停めて土風を問う,21453
1048,118,城臨巴子国,城は臨む巴子の国,12345
1049,118,台没漢王宮,台は没す漢王の宮,12345
1050,118,荒服仍周甸,荒服仍お周甸,12345
1051,118,深山尚禹功,深山尚お禹功,12345
1052,118,巌懸青壁断,巌懸りて青壁断え,12345
1053,118,地険碧流通,地険しくして碧流通ず,12345
1054,118,古木生雲際,古木雲際に生じ,12453
1055,118,帰帆出霧中,帰帆霧中に出づ,12453
1056,118,川途去無限,川途去って限り無し,12354
1057,118,客思坐何窮,客思坐ろに何ぞ窮まらん,12345
1058,119,秣馬臨荒甸,馬に秣い荒甸に臨み,21453
1059,119,登高覧旧都,高きに登りて旧都を覧る,21453
1060,119,猶悲堕涙碣,猶お悲しむ堕涙の碣,12345
1061,119,尚想臥竜図,尚お想う臥竜の図,12345
1062,119,城邑遥分楚,城邑遥かに楚を分かち,12354
1063,119,山川半入呉,山川半ば呉に入る,12354
1064,119,丘陵徒自出,丘陵徒らに自ずから出で,12345
1065,119,賢聖幾凋枯,賢聖幾か凋枯す,12345
1066,119,野樹蒼煙断,野樹蒼煙断え,12345
1067,119,津楼晩気孤,津楼晩気孤なり,12345
1068,119,誰知万里客,誰か知らん万里の客,12345
1069,119,懐古正踟躕,古を懐うて正に踟躕するを,21345
1070,120,北地寒応苦,北地寒応に苦しかるべし,12345
1071,120,南城戍不帰,南城戍りて帰らず,12354
1072,120,辺声乱羌笛,辺声羌笛を乱し,12453
1073,120,朔気捲戎衣,朔気戎衣を捲く,12453
1074,120,雨雪関山暗,雨雪関山暗く,12345
1075,120,風霜草木稀,風霜草木稀なり,12345
1076,120,胡兵戦欲尽,胡兵戦いて尽きんと欲し,12354
1077,120,漢卒尚重囲,漢卒尚お囲みを重ぬ,12354
1078,120,雲浄妖星落,雲浄くして妖星落ち,12345
1079,120,秋高塞馬肥,秋高くして塞馬肥ゆ,12345
1080,120,拠鞍雄剣動,鞍に拠れば雄剣動き,21345
1081,120,揺筆羽書飛,筆を揺がせば羽書飛ぶ,21345
1082,120,輿駕還京邑,輿駕京邑に還り,12453
1083,120,朋遊満帝畿,朋遊帝畿に満つ,12453
1084,120,方期来献凱,方に期す来りて凱を献じ,12354
1085,120,歌舞共春輝,歌舞春輝を共にせんことを,12453
1086,121,並命登仙閣,並びに命ぜられて仙閣に登り,12453
1087,121,通宵直礼闈,通宵礼闈に直す,12453
1088,121,太官供宿膳,太官宿膳を供し,12453
1089,121,侍史護朝衣,侍史朝衣を護る,12453
1090,121,巻幔天河入,幔を巻けば天河入り,21345
1091,121,開窓月露微,窓を開けば月露微なり,21345
1092,121,小池残暑退,小池残暑退き,12345
1093,121,高樹早涼帰,高樹早涼帰る,12345
1094,121,冠剣無時釈,冠剣時として釈く無く,12453
1095,121,軒車待漏飛,軒車漏を待って飛ぶ,12435
1096,121,明朝題漢柱,明朝漢柱に題せられ,12453
1097,121,三署有光輝,三署光輝有らん,12453
1098,122,閶闔連雲起,閶闔雲に連なって起り,12435
1099,122,巌廊払霧開,巌廊霧を払って開く,12435
1100,122,玉珂竜影度,玉珂竜影度り,12345
1101,122,珠履雁行来,珠履雁行来る,12345
1102,122,長楽宵鐘尽,長楽宵鐘尽き,12345
1103,122,明光暁奏催,明光暁奏催す,12345
1104,122,一経伝旧徳,一経旧徳を伝え,12453
1105,122,五字擢英材,五字英材を擢んず,12453
1106,122,儼若神仙去,儼として神仙の去りて,12345
1107,122,紛従霄漢回,紛として霄漢より回るが若し,13425
1108,122,千春奉休暦,千春休暦を奉じ,12453
1109,122,分禁喜趨陪,分禁趨陪を喜ぶ,12453
1110,123,漢王未息戦,漢王未だ戦いを息めざるに,12354
1111,123,蕭相乃営宮,蕭相乃ち宮を営む,12354
1112,123,壮麗一朝尽,壮麗一朝に尽き,12345
1113,123,威霊千載空,威霊千載に空し,12345
1114,123,皇明悵前跡,皇明前跡を悵み,12453
1115,123,置酒宴群公,置酒して群公を宴す,12453
1116,123,寒軽綵仗外,寒さは軽し綵仗の外,12345
1117,123,春発幔城中,春は発す幔城の中,12345
1118,123,楽思廻斜日,楽思斜日を廻らし,12453
1119,123,歌詞継大風,歌詞大風を継ぐ,12453
1120,123,今朝天子貴,今朝天子の貴きこと,12345
1121,123,不仮叔孫通,叔孫通を仮らず,34521
1122,124,春予霊池会,春予霊池の会,12345
1123,124,滄波帳殿開,滄波帳殿開く,12345
1124,124,舟凌石鯨度,舟は石鯨を凌いで度り,13425
1125,124,槎払斗牛廻,槎は斗牛を払いて廻る,13425
1126,124,節晦蓂全落,節は晦にして蓂全く落ち,12345
1127,124,春遅柳暗催,春は遅くして柳暗かに催す,12345
1128,124,象溟看浴景,象溟浴景を看,12453
1129,124,焼劫弁沈灰,焼劫沈灰を弁ず,12453
1130,124,鎬飲周文楽,鎬飲周文の楽しみ,12345
1131,124,汾歌漢武才,汾歌漢武の才,12345
1132,124,不愁明月尽,明月の尽くるを愁えず,34521
1133,124,自有夜珠来,自ずから夜珠の来る有り,13452
1134,125,清論満朝陽,清論朝陽に満ち,12453
1135,125,高才拝夕郎,高才夕郎を拝す,12453
1136,125,還従避馬路,還た馬を避くるの路より,14352
1137,125,来接珥貂行,来りて貂を珥む行に接す,14352
1138,125,寵就黄扉日,寵は就く黄扉の日,12345
1139,125,威廻白簡霜,威は廻る白簡の霜,12345
1140,125,柏台遷鳥茂,柏台鳥を遷して茂り,12435
1141,125,蘭署得人芳,蘭署人を得て芳し,12435
1142,125,禁静鐘初徹,禁は静かにして鐘初めて徹り,12345
1143,125,更疎漏更長,更は疎にして漏更に長し,12345
1144,125,暁河低武庫,暁河武庫に低れ,12453
1145,125,流火度文昌,流火文昌を度る,12453
1146,125,寓直光輝重,寓直光輝重く,12345
1147,125,乗秋藻翰揚,秋に乗じて藻翰揚がる,21345
1148,125,暗投空欲報,暗投空しく報ぜんと欲するも,12354
1149,125,下調不成章,下調章を成さず,12543
1150,127,右地接亀沙,右地亀沙に接し,12453
1151,127,中朝任虎牙,中朝虎牙に任ず,12453
1152,127,然明方改俗,然明は方に俗を改め,12354
1153,127,去病不為家,去病は家を為めず,12543
1154,127,将礼登壇盛,将礼壇に登りて盛んに,12435
1155,127,軍容出塞華,軍容塞を出でて華やかなり,12435
1156,127,朔風揺漢鼓,朔風漢鼓を揺がし,12453
1157,127,辺月思胡笳,辺月胡笳を思う,12453
1158,127,旗合無邀正,旗合して正を邀うる無く,12543
1159,127,冠危有触邪,冠危くして邪に触るる有り,12543
1160,127,当看労旋日,当に看るべし労旋の日,12345
1161,127,及此御溝花,此の御溝の花に及ばんことを,23451
1162,128,西岳鎮皇京,西岳皇京を鎮め,12453
1163,128,中峰入太清,中峰太清に入る,12453
1164,128,玉鑾重嶺応,玉鑾重嶺応じ,12345
1165,128,緹騎薄雲迎,緹騎薄雲迎う,12345
1166,128,白日懸高掌,白日高掌に懸かり,12453
1167,128,寒空映削成,寒空削成に映ず,12453
1168,128,軒遊会神処,軒遊神に会する処,12435
1169,128,漢幸望仙情,漢幸仙を望むの情,12435
1170,128,旧廟青林古,旧廟青林古り,12345
1171,128,新碑緑字生,新碑緑字生なり,12345
1172,128,群臣願封岱,群臣願うらくは岱に封じ,12354
1173,128,廻駕勒鴻名,駕を廻らして鴻名を勒せんことを,21453
1174,129,魏武中流処,魏武流れに中せし処,12435
1175,129,軒皇問道廻,軒皇道を問うて廻る,12435
1176,129,長堤春樹発,長堤春樹発き,12345
1177,129,高掌曙雲開,高掌曙雲開く,12345
1178,129,竜負王舟度,竜は王舟を負うて度り,13425
1179,129,人占仙気来,人は仙気の来るを占う,13452
1180,129,河津会日月,河津日月を会し,12453
1181,129,天仗役風雷,天仗風雷を役す,12453
1182,129,東顧重関尽,東顧すれば重関尽き,12345
1183,129,西馳万国陪,西馳すれば万国陪す,12345
1184,129,還聞股肱郡,還た聞く股肱の郡,12345
1185,129,元首詠康哉,元首康哉を詠ずるを,12453
1186,130,未央鐘漏晩,未央鐘漏晩れ,12345
1187,130,仙宇靄沈沈,仙宇靄として沈沈たり,12345
1188,130,武衛千廬合,武衛千廬合し,12345
1189,130,厳扃万戸深,厳扃万戸深し,12345
1190,130,左掖知天近,左掖天の近きを知り,12453
1191,130,南窓見月臨,南窓月の臨むを見る,12453
1192,130,樹揺金掌露,樹には揺ぐ金掌の露,12345
1193,130,庭接玉楼陰,庭には接す玉楼の陰,12345
1194,130,他日聞更直,他日聞く更直して,12345
1195,130,中宵属所欽,中宵欽う所に属すと,12543
1196,130,声華大国宝,声華大国の宝,12345
1197,130,夙夜侍臣心,夙夜侍臣の心,12345
1198,130,逸興乗高閣,逸興高閣に乗じ,12453
1199,130,雄飛在禁林,雄飛禁林に在り,12453
1200,130,寧思窃抃者,寧ぞ思わん窃かに抃する者,12345
1201,130,情発為知音,情の発するは知音が為なり,12453
1202,133,万国仰宗周,万国宗周を仰ぎ,12453
1203,133,衣冠拝冕旒,衣冠冕旒を拝す,12453
1204,133,玉乗迎大客,玉乗大客を迎え,12453
1205,133,金節送諸侯,金節諸侯を送る,12453
1206,133,祖席傾三省,祖席三省を傾け,12453
1207,133,褰帷向九州,褰帷九州に向う,12453
1208,133,楊花飛上路,楊花上路に飛び,12453
1209,133,槐色蔭通溝,槐色通溝を蔭う,12453
1210,133,来預鈞天楽,来って鈞天の楽に預かり,13452
1211,133,帰分漢主憂,帰って漢主の憂いを分つ,13452
1212,133,宸章類河漢,宸章河漢に類し,12453
1213,133,垂象満中州,垂象中州に満つ,12453
1214,134,商山包楚鄧,商山楚鄧を包み,12453
1215,134,積翠藹沈沈,積翠藹として沈沈たり,12345
1216,134,駅路飛泉灑,駅路飛泉灑ぎ,12345
1217,134,関門落照深,関門落照深し,12345
1218,134,野花開古戍,野花古戍に開き,12453
1219,134,行客響空林,行客空林に響く,12453
1220,134,板屋春多雨,板屋春雨多く,12354
1221,134,山城昼欲陰,山城昼陰らんと欲す,12354
1222,134,丹泉通虢略,丹泉虢略に通じ,12453
1223,134,白羽抵荊岑,白羽荊岑に抵る,12453
1224,134,若見西山爽,若し西山の爽を見ば,13452
1225,134,応知黄綺心,応に黄綺の心を知るべし,13452
1226,135,積水不可極,積水極む可からず,12543
1227,135,安知滄海東,安んぞ滄海の東を知らん,13452
1228,135,九州何処遠,九州何れの処か遠き,12345
1229,135,万里若乗空,万里空に乗ずるが若し,12543
1230,135,向国唯看日,国に向って唯だ日を看,21354
1231,135,帰帆但信風,帰帆は但だ風に信すのみ,12354
1232,135,鰲身映天黒,鰲身天に映じて黒く,12435
1233,135,魚眼射波紅,魚眼波を射て紅なり,12435
1234,135,鄉樹扶桑外,郷樹扶桑の外,12345
1235,135,主人孤島中,主人孤島の中,12345
1236,135,別離方異域,別離方に異域,12345
1237,135,音信若為通,音信若為でか通ぜん,12345
1238,136,黄鶴西楼月,黄鶴西楼の月,12345
1239,136,長江万里情,長江万里の情,12345
1240,136,春風三十度,春風三十度,12345
1241,136,空憶武昌城,空しく憶う武昌城,12345
1242,136,送爾難為別,爾を送って別れを為し難く,21543
1243,136,銜杯惜未傾,杯を銜み惜しんで未だ傾けず,21345
1244,136,湖連張楽地,湖は楽を張るの地に連なり,14352
1245,136,山逐泛舟行,山は舟を泛ぶるの行を逐う,14352
1246,136,諾謂楚人重,諾は楚人の重んずるを謂い,13452
1247,136,詩伝謝朓清,詩は謝朓の清きを伝う,13452
1248,136,滄浪吾有曲,滄浪吾に曲有り,12354
1249,136,寄入棹歌声,寄せて棹歌の声に入る,13452
1250,137,放溜下松滋,溜に放って松滋を下らんとし,21453
1251,137,登舟命楫師,舟に登って楫師に命ず,21453
1252,137,寧忘経済日,寧ぞ忘れん経済の日,12345
1253,137,不憚沍寒時,沍寒の時を憚らず,34521
1254,137,洗幘豈独古,幘を洗うは豈に独り古のみならんや,21345
1255,137,濯纓良在茲,纓を濯うは良に茲に在り,21354
1256,137,政成人自理,政成って人自ずから理まり,12345
1257,137,機息鳥無疑,機息んで鳥疑うこと無し,12354
1258,137,雲物凝孤嶼,雲物孤嶼に凝り,12453
1259,137,江山弁四維,江山四維を弁ず,12453
1260,137,晩来風稍緊,晩来風稍く緊しく,12345
1261,137,冬至日行遅,冬至日の行くこと遅し,12345
1262,137,猟響驚雲夢,猟響雲夢を驚かし,12453
1263,137,漁歌激楚辞,漁歌楚辞を激す,12453
1264,137,渚宮何処是,渚宮何れの処か是なる,12345
1265,137,川暝欲安之,川暝れて安くにか之かんと欲する,12453
1266,138,嶺外資雄鎮,嶺外雄鎮に資り,12453
1267,138,朝端寵節旄,朝端節旄を寵す,12453
1268,138,月卿臨幕府,月卿幕府に臨み,12453
1269,138,星使出詞曹,星使詞曹より出づ,12453
1270,138,海対羊城闊,海は羊城に対して闊く,13425
1271,138,山連象郡高,山は象郡に連なって高し,13425
1272,138,風霜駆瘴癘,風霜瘴癘を駆り,12453
1273,138,忠信渉波濤,忠信波濤を渉る,12453
1274,138,別恨随流水,別恨流水に随い,12453
1275,138,交情脱宝刀,交情宝刀を脱す,12453
1276,138,有才無不適,才有れば適せざる無し,21543
1277,138,行矣莫徒労,行けや徒らに労すること莫かれ,12453
1278,139,白露先時降,白露時に先だって降り,12435
1279,139,清川思不窮,清川思い窮まらず,12354
1280,139,江湖仍塞上,江湖仍お塞上,12345
1281,139,舟楫在軍中,舟楫軍中に在り,12453
1282,139,舞換臨津樹,舞は換う津に臨む樹,12435
1283,139,歌饒向晩風,歌は饒かなり晩に向う風,12435
1284,139,夕陽連積水,夕陽積水に連なり,12453
1285,139,辺色満秋空,辺色秋空に満つ,12453
1286,139,乗興宜投轄,興に乗じては宜しく轄を投ずべし,21354
1287,139,邀歓莫避驄,歓を邀めては驄を避くること莫かれ,21543
1288,139,誰憐持弱羽,誰か憐れまん弱羽を持して,12453
1289,139,猶欲伴鵷鴻,猶お鵷鴻に伴わんと欲するを,14532
1290,140,旧俗疲庸主,旧俗庸主に疲れ,12453
1291,140,群雄問独夫,群雄独夫を問う,12453
1292,140,讖帰竜鳳質,讖は帰す竜鳳の質,12345
1293,140,威定虎狼都,威は定む虎狼の都,12345
1294,140,天属尊尭典,天属尭典を尊び,12453
1295,140,神功協禹謨,神功禹謨に協う,12453
1296,140,風雲随絶足,風雲絶足に随い,12453
1297,140,日月継高衢,日月高衢に継ぐ,12453
1298,140,文物多師古,文物多く古を師とし,12354
1299,140,朝廷半老儒,朝廷半ばは老儒,12345
1300,140,直詞寧戮辱,直詞寧ぞ戮辱せられん,12345
1301,140,賢路不崎嶇,賢路崎嶇ならず,12453
1302,140,往者災猶降,往者災い猶お降り,12345
1303,140,蒼生喘未蘇,蒼生喘ぎて未だ蘇らず,12345
1304,140,指揮安率土,指揮して率土を安んじ,12453
1305,140,盪滌撫洪鑪,盪滌して洪鑪を撫す,12453
1306,140,壮士悲陵邑,壮士陵邑に悲しみ,12453
1307,140,幽人拝鼎湖,幽人鼎湖に拝す,12453
1308,140,玉衣晨自挙,玉衣晨に自ずから挙がり,12345
1309,140,鉄馬汗常趨,鉄馬汗して常に趨る,12345
1310,140,松柏瞻虚殿,松柏虚殿を瞻,12453
1311,140,塵沙立暝途,塵沙暝途に立つ,12453
1312,140,寂寥開国日,寂寥たり開国の日,12345
1313,140,流恨満山隅,流恨山隅に満つ,12453
1314,141,草昧英雄起,草昧英雄起り,12345
1315,141,謳歌暦数帰,謳歌暦数帰す,12345
1316,141,風塵三尺剣,風塵三尺の剣,12345
1317,141,社稷一戎衣,社稷一戎衣,12345
1318,141,翼亮貞文徳,翼亮文徳を貞し,12453
1319,141,丕承戢武威,丕承武威を戢む,12453
1320,141,聖図天広大,聖図天のごとく広大に,12345
1321,141,宗祀日光輝,宗祀日のごとく光輝あり,12345
1322,141,陵寝盤空曲,陵寝空曲に盤り,12453
1323,141,熊羆守翠微,熊羆翠微を守る,12453
1324,141,再窺松柏路,再び松柏の路を窺えば,13452
1325,141,還見五雲飛,還た五雲の飛ぶを見る,13452
1326,142,万壑樹声満,万壑樹声満ち,12345
1327,142,千崖秋気高,千崖秋気高し,12345
1328,142,浮舟出郡郭,浮舟郡郭を出で,12453
1329,142,別酒寄江濤,別酒江濤に寄す,12453
1330,142,良会不復久,良会復た久しからず,12453
1331,142,此生何太労,此の生何ぞ太だ労する,12345
1332,142,窮愁但有骨,窮愁但だ骨のみ有り,12354
1333,142,群盗尚如毛,群盗尚お毛の如し,12354
1334,142,吾舅惜分手,吾が舅手を分つことを惜しみ,12543
1335,142,使君寒贈袍,使君寒に袍を贈らる,12354
1336,142,沙頭暮黄鶴,沙頭暮の黄鶴,12345
1337,142,失侶亦哀号,侶を失いて亦た哀号す,21345
1338,143,苔径臨江竹,苔径江に臨む竹,12435
1339,143,茅簷覆地花,茅簷地を覆う花,12435
1340,143,別来頻甲子,別れて来頻りに甲子,12345
1341,143,帰到忽春華,帰り到れば忽ち春華,12345
1342,143,倚杖看孤石,杖に倚りて孤石を看,21453
1343,143,傾壺就浅沙,壺を傾けて浅沙に就く,21453
1344,143,遠鴎浮水静,遠鴎水に浮んで静かに,12435
1345,143,軽燕受風斜,軽燕風を受けて斜めなり,12435
1346,143,世路雖多梗,世路梗ること多しと雖も,12543
1347,143,吾生亦有涯,吾が生も亦た涯り有り,12354
1348,143,此身醒復酔,此の身醒めて復た酔う,12345
1349,143,乗興即為家,興に乗じて即ち家と為さん,21354
1350,144,雄都元壮麗,雄都元と壮麗,12345
1351,144,望幸欻威神,幸を望まば欻ち威神あらん,21345
1352,144,地利西通蜀,地利西のかた蜀に通じ,12354
1353,144,天文北照秦,天文北のかた秦を照らす,12354
1354,144,風煙含越鳥,風煙越鳥を含み,12453
1355,144,舟楫控呉人,舟楫呉人を控く,12453
1356,144,未枉周王駕,未だ枉げず周王の駕,12345
1357,144,終期漢武巡,終に期す漢武の巡,12345
1358,144,甲兵分聖旨,甲兵聖旨を分ち,12453
1359,144,居守付宗臣,居守宗臣に付す,12453
1360,144,早発雲台仗,早く雲台の仗を発して,13452
1361,144,恩波起涸鱗,恩波涸鱗を起さんことを,12453
1362,145,沲水臨中座,沲水中座に臨み,12453
1363,145,岷山赴北堂,岷山北堂に赴く,12453
1364,145,白波吹粉壁,白波粉壁に吹き,12453
1365,145,青嶂挿雕梁,青嶂雕梁に挿む,12453
1366,145,直訝杉松冷,直だ訝る杉松の冷やかなるかと,12345
1367,145,兼疑菱荇香,兼ねて疑う菱荇の香るかと,12345
1368,145,雪雲虚点綴,雪雲虚しく点綴し,12345
1369,145,沙草得微茫,沙草微茫を得たり,12453
1370,145,嶺雁随毫末,嶺雁毫末に随い,12453
1371,145,川霓飲練光,川霓練光を飲む,12453
1372,145,霏紅洲蕊乱,紅を霏ばして洲蕊乱れ,21345
1373,145,払黛石蘿長,黛を払って石蘿長し,21345
1374,145,暗谷非関雨,暗谷も雨に関わるに非ず,12543
1375,145,丹楓不為霜,丹楓も霜の為ならず,12543
1376,145,秋城玄圃外,秋城玄圃の外,12345
1377,145,景物洞庭傍,景物洞庭の傍,12345
1378,145,絵事功殊絶,絵事功は殊絶なり,12345
1379,145,幽襟興激昂,幽襟興は激昂す,12345
1380,145,従来謝太傅,従来謝太傅,12345
1381,145,丘壑道難忘,丘壑道忘れ難し,12354
1382,146,配極玄都閟,極に配して玄都閟し,21345
1383,146,憑高禁蘌長,高きに憑りて禁蘌長し,21345
1384,146,守祧厳具礼,守祧具礼を厳かにし,12453
1385,146,掌節鎮非常,掌節非常を鎮む,12453
1386,146,碧瓦初寒外,碧瓦初寒の外,12345
1387,146,金茎一気旁,金茎一気の旁,12345
1388,146,山河扶繡戸,山河繡戸を扶け,12453
1389,146,日月近雕梁,日月雕梁に近し,12453
1390,146,仙李盤根大,仙李盤根大にして,12345
1391,146,猗蘭奕葉光,猗蘭奕葉光く,12345
1392,146,世家遺旧史,世家旧史に遺し,12453
1393,146,道徳付今王,道徳今王に付す,12453
1394,146,画手看前輩,画手前輩を看るに,12453
1395,146,呉生遠擅場,呉生遠く場を擅にす,12354
1396,146,森羅移地軸,森羅地軸を移し,12453
1397,146,妙絶動宮牆,妙絶宮牆を動かす,12453
1398,146,五聖聯竜袞,五聖竜袞を聯ね,12453
1399,146,千官列雁行,千官雁行を列ぬ,12453
1400,146,冕旒倶秀発,冕旒倶に秀発,12345
1401,146,旌旆尽飛揚,旌旆尽く飛揚す,12345
1402,146,翠柏深留景,翠柏深く景を留め,12354
1403,146,紅梨迥得霜,紅梨迥かに霜を得たり,12354
1404,146,風箏吹玉柱,風箏玉柱に吹き,12453
1405,146,露井凍銀床,露井銀床に凍る,12453
1406,146,身退卑周室,身は退いて周室に卑しく,12453
1407,146,経伝拱漢皇,経は伝わりて漢皇を拱せしむ,12453
1408,146,谷神如不死,谷神如し死せずんば,12354
1409,146,養拙更何鄉,拙を養うは更に何れの郷ぞ,21345
1410,147,雪華満高閣,雪華高閣に満ち,12453
1411,147,苔色上勾欄,苔色勾欄に上る,12453
1412,147,薬草空階静,薬草空階静かに,12345
1413,147,梧桐返照寒,梧桐返照寒し,12345
1414,147,清吟可愈疾,清吟疾いを愈す可く,12543
1415,147,携手暫同歓,手を携えて暫く歓を同じうす,21354
1416,147,墜葉和金磬,墜葉金磬に和し,12453
1417,147,饑烏鳴露盤,饑烏露盤に鳴く,12453
1418,147,伊流惜東別,伊流東に別るるを惜しみ,12453
1419,147,灞水向西看,灞水西に向って看る,12435
1420,147,旧託含香署,旧含香の署に託す,13452
1421,147,雲霄何足難,雲霄何ぞ難しとするに足らん,12354
1422,148,亭高出鳥外,亭高くして鳥外に出で,12453
1423,148,客到与雲斉,客到れば雲と斉し,12435
1424,148,樹点千家小,樹点じて千家小さく,12345
1425,148,天囲万嶺低,天囲みて万嶺低し,12345
1426,148,残虹挂陝北,残虹陝北に挂り,12453
1427,148,急雨過関西,急雨関西を過ぐ,12453
1428,148,酒榼縁青壁,酒榼青壁に縁り,12453
1429,148,瓜田傍緑渓,瓜田緑渓に傍う,12453
1430,148,微官何足道,微官何ぞ道うに足らん,12354
1431,148,愛客且相携,愛客且く相携う,12345
1432,148,唯有鄉園処,唯だ郷園の処有り,13452
1433,148,依依望不迷,依依として望んで迷わず,12354
1434,149,田家復近臣,田家にして復た近臣,12345
1435,149,行楽不違親,行楽して親に違わず,12543
1436,149,霽日園林好,霽日園林好く,12345
1437,149,清明煙火新,清明煙火新たなり,12345
1438,149,以文常会友,文を以て常に友を会し,21354
1439,149,惟徳自成隣,惟れ徳自ずから隣を成す,12354
1440,149,池照窓陰晩,池は照らす窓陰の晩,12345
1441,149,杯香薬味春,杯は香し薬味の春,12345
1442,149,欄前花覆地,欄前花地を覆い,12354
1443,149,竹外鳥窺人,竹外鳥人を窺う,12354
1444,149,何必桃源裏,何ぞ必ずしも桃源の裏,12345
1445,149,深居作隠淪,深居して隠淪と作らん,12453
1446,150,聖徳周天壌,聖徳天壌に周く,12453
1447,150,韶華満帝畿,韶華帝畿に満つ,12453
1448,150,九重承渙汗,九重渙汗を承け,12453
1449,150,千里樹芳菲,千里芳菲を樹う,12453
1450,150,陝塞余陰薄,陝塞余陰薄く,12345
1451,150,関河旧色微,関河旧色微かなり,12345
1452,150,発生和気動,発生して和気動き,12345
1453,150,封植衆心帰,封植して衆心帰す,12345
1454,150,春露条応弱,春露条応に弱かるべく,12345
1455,150,秋霜果定肥,秋霜果定めて肥えん,12345
1456,150,影移行子蓋,影は移る行子の蓋,12345
1457,150,香撲使臣衣,香りは撲つ使臣の衣,12345
1458,150,入径迷馳道,径に入りて馳道に迷い,21453
1459,150,分行接禁闈,行を分ちて禁闈に接す,21453
1460,150,何当扈仙蹕,何当か仙蹕に扈い,12453
1461,150,攀折奉恩輝,攀折して恩輝に奉ぜん,12453
1462,151,不敢淮南臥,敢えて淮南に臥せず,23451
1463,151,来趨漢将営,来りて漢将の営に趨る,13452
1464,151,受辞瞻左鉞,辞を受けて左鉞を瞻,21453
1465,151,扶疾拝前旌,疾を扶けて前旌を拝す,21453
1466,151,井税鶉衣楽,井税鶉衣楽しみ,12345
1467,151,壺漿鶴髪迎,壺漿鶴髪迎う,12345
1468,151,水帰余断岸,水帰りて断岸を余し,12453
1469,151,烽至掩孤城,烽至りて孤城を掩う,12453
1470,151,晩日当千騎,晩日千騎に当り,12453
1471,151,秋風合五兵,秋風五兵を合す,12453
1472,151,孔璋才素健,孔璋才素より健なり,12345
1473,151,早晩檄書成,早晩檄書成らん,12345
1474,152,漂泊来千里,漂泊して千里に来れば,12453
1475,152,謳歌満百城,謳歌百城に満つ,12453
1476,152,漢家尊太守,漢家太守を尊び,12453
1477,152,魯国重諸生,魯国諸生を重んず,12453
1478,152,俗変人難理,俗は人の理め難きを変じ,13542
1479,152,江伝水至清,江は水の至って清きを伝う,13452
1480,152,船経危石住,船は危石を経て住まり,13425
1481,152,路入乱山行,路は乱山に入りて行く,13425
1482,152,老得滄洲趣,老いては滄洲の趣を得,13452
1483,152,春傷白首情,春には白首の情を傷ましむ,13452
1484,152,嘗聞馬南郡,嘗て聞く馬南郡,12345
1485,152,門下有康成,門下に康成有りと,12453
1486,153,盧家少婦鬱金堂,盧家の少婦鬱金堂,1234567
1487,153,海燕双棲玳瑁梁,海燕双棲す玳瑁の梁,1234567
1488,153,九月寒砧催木葉,九月寒砧木葉を催し,1234675
1489,153,十年征戍憶遼陽,十年征戍遼陽を憶う,1234675
1490,153,白狼河北音書断,白狼河北音書断え,1234567
1491,153,丹鳳城南秋夜長,丹鳳城南秋夜長し,1234567
1492,153,誰為含愁独不見,誰が為にか愁いを含む独不見,1243567
1493,153,更教明月照流黄,更に明月をして流黄を照らさしむ,1342675
1494,154,竜池躍竜竜已飛,竜池竜を躍らせて竜已に飛べり,1243567
1495,154,竜徳先天天不違,竜徳天に先だちて天違わず,1243576
1496,154,池開天漢分黄道,池は天漢を開いて黄道を分ち,1342675
1497,154,竜向天門入紫微,竜は天門に向って紫微に入る,1342675
1498,154,邸第楼台多気色,邸第楼台気色多し,1234675
1499,154,君王鳧雁有光輝,君王の鳧雁光輝有り,1234675
1500,154,為報寰中百川水,為に報ぜん寰中百川の水,1234567
1501,154,来朝此地莫東帰,此の地に来り朝して東帰する莫かれ,3412675
1502,155,皇家貴主好神仙,皇家の貴主神仙を好み,1234675
1503,155,別業初開雲漢辺,別業初めて開く雲漢の辺,1234567
1504,155,山出尽如鳴鳳嶺,山は出でて尽く鳴鳳嶺の如く,1235674
1505,155,池成不譲飲竜川,池は成りて飲竜川に譲らず,1256743
1506,155,粧楼翠幌教春住,粧楼の翠幌春をして住まら教め,1234675
1507,155,舞閣金鋪借日懸,舞閣の金鋪日を借りて懸く,1234657
1508,155,敬従乗輿来此地,敬んで乗輿に従って此の地に来り,1342675
1509,155,称觴献寿楽鈞天,觴を称げ寿を献じて鈞天を楽しまん,2143675
1510,156,紅楼疑見白毫光,紅楼白毫の光を見るかと疑う,1256743
1511,156,寺逼宸居福盛唐,寺は宸居に逼りて盛唐に福す,1342675
1512,156,支遁愛山情漫切,支遁は山を愛するも情漫りに切なり,1243567
1513,156,曇摩泛海路空長,曇摩は海に泛ぶも路空しく長し,1243567
1514,156,経声夜息聞天語,経声夜に息んで天語を聞き,1234675
1515,156,炉気晨飄接御香,炉気晨に飄って御香に接す,1234675
1516,156,誰謂此中難可到,誰か謂う此の中到る可きこと難しと,1234765
1517,156,自憐深院得徊翔,自ら憐れむ深院徊翔するを得しを,1234675
1518,158,天長地闊嶺頭分,天は長く地は闊くして嶺頭に分る,1234567
1519,158,去国離家見白雲,国を去り家を離れて白雲を見る,2143675
1520,158,洛浦風光何所似,洛浦の風光何の似る所ぞ,1234576
1521,158,崇山瘴癘不堪聞,崇山の瘴癘聞くに堪えず,1234765
1522,158,南浮漲海人何処,南のかた漲海に浮んで人何れの処ぞ,1342567
1523,158,北望衡陽雁幾群,北のかた衡陽を望めば雁幾群,1342567
1524,158,両地江山万余里,両地の江山万余里,1234567
1525,158,何時重謁聖明君,何れの時か重ねて聖明の君に謁せん,1235674
1526,159,滄池漭沆帝城辺,滄池漭沆たり帝城の辺,1234567
1527,159,殊勝昆明鑿漢年,殊に勝る昆明の漢年に鑿たれしに,1234675
1528,159,夾岸旌旗疏輦道,岸を夾む旌旗は輦道を疏き,2134675
1529,159,中流簫鼓振楼船,中流の簫鼓は楼船を振わしむ,1234675
1530,159,雲峰四起迎宸幄,雲峰四もに起りて宸幄を迎え,1234675
1531,159,水樹千重入御筵,水樹千重御筵に入る,1234675
1532,159,宴楽已深魚藻詠,宴楽已に深くして魚藻詠ぜらる,1234567
1533,159,承恩更欲奏甘泉,恩を承けては更に甘泉を奏せんと欲す,2136754
1534,160,駸駸羽騎歴城池,駸駸たる羽騎城池を歴,1234675
1535,160,帝女楼台向晩披,帝女の楼台晩に向って披く,1234657
1536,160,霧灑旌旗雲外出,霧灑いで旌旗は雲外に出で,1234567
1537,160,風回巌岫雨中移,風回りて巌岫は雨中に移る,1234567
1538,160,当軒半落天河水,軒に当って半ば落つ天河の水,2134567
1539,160,遶径全低月樹枝,径を遶って全く低る月樹の枝,2134567
1540,160,簫鼓宸遊陪宴日,簫鼓宸遊宴に陪する日,1234657
1541,160,和鳴双鳳喜来儀,和鳴の双鳳喜んで来儀す,1234567
1542,161,東望望春春可憐,東のかた望春を望めば春憐れむべし,1243576
1543,161,更逢晴日柳含煙,更に晴日に逢うて柳は煙を含む,1342576
1544,161,宮中下見南山尽,宮中下に見る南山の尽くるを,1234567
1545,161,城上平臨北斗懸,城上平らかに臨む北斗の懸るを,1234567
1546,161,細草偏承回輦処,細草偏えに承く輦を回らす処,1234657
1547,161,軽花微落奉觴前,軽花微かに落つ觴を奉ぐる前,1234657
1548,161,宸遊対此歓無極,宸遊此に対して歓び極まり無し,1243576
1549,161,鳥哢声声入管絃,鳥哢は声声管絃に入る,1234675
1550,162,主第山門起灞川,主第の山門は灞川に起り,1234675
1551,162,宸遊風景入初年,宸遊の風景初年に入る,1234675
1552,162,鳳皇楼下交天仗,鳳皇楼下天仗交わり,1234675
1553,162,烏鵲橋頭敞御筵,烏鵲橋頭御筵敞かなり,1234675
1554,162,往往花間逢綵石,往往花間綵石に逢い,1234675
1555,162,時時竹裏見紅泉,時時竹裏紅泉を見る,1234675
1556,162,今朝扈蹕平陽館,今朝蹕に扈う平陽館,1243567
1557,162,不羨乗槎雲漢辺,槎に雲漢の辺に乗ずるを羨まず,4567321
1558,163,去歳荊南梅似雪,去歳荊南梅雪に似たり,1234576
1559,163,今年薊北雪如梅,今年薊北雪梅のごとし,1234576
1560,163,共知人事何嘗定,共に知る人事は何ぞ嘗て定まらん,1234567
1561,163,且喜年華去復来,且く喜ぶ年華去り復た来るを,1234567
1562,163,辺鎮戍歌連夜動,辺鎮の戍歌夜を連ねて動き,1234657
1563,163,京城燎火徹明開,京城の燎火明に徹して開く,1234657
1564,163,遥遥西向長安日,遥遥として西のかた長安の日に向い,1235674
1565,163,願上南山寿一杯,願わくは上らん南山の寿一杯,1234567
1566,164,空山寂歴道心生,空山寂歴として道心生ず,1234567
1567,164,虚谷迢遥野鳥声,虚谷迢遥たり野鳥の声,1234567
1568,164,禅室従来塵外賞,禅室は従来塵外の賞,1234567
1569,164,香台豈是世中情,香台は豈に是れ世中の情ならんや,1234567
1570,164,雲間東嶺千尋出,雲間の東嶺千尋に出で,1234567
1571,164,樹裏南湖一片明,樹裏の南湖一片明らかなり,1234567
1572,164,若使巣由同此意,若し巣由をして此の意に同じうせしめば,1346752
1573,164,不将蘿薜易簪纓,蘿薜を将って簪纓に易えざりしならん,3426751
1574,165,清都衆木総栄芬,清都の衆木総て栄芬なるも,1234567
1575,165,伝道孤松最出群,伝道うらく孤松最も群を出づと,1234576
1576,165,名接天庭長景色,名は天庭に接して景色に長け,1342675
1577,165,気連宮闕借氛氳,気は宮闕に連なって氛氳を借る,1342675
1578,165,懸池的的停華露,池に懸り的的として華露を停め,2134675
1579,165,偃蓋重重払瑞雲,蓋を偃せ重重として瑞雲を払う,2134675
1580,165,不借流膏助仙鼎,流膏の仙鼎を助くるを借しまず,3467521
1581,165,願将楨幹捧明君,願わくは楨幹を将て明君に捧げん,1342675
1582,165,莫比冥霊楚南樹,比する莫かれ冥霊楚南の樹の,2134567
1583,165,朽老江辺代不聞,江辺に朽老して代に聞えざるに,3412576
1584,166,銅竜暁闢問安迴,銅竜暁に闢き安を問うて迴り,1234657
1585,166,金輅春遊博望開,金輅春遊して博望開く,1234567
1586,166,渭北晴光揺草樹,渭北の晴光草樹に揺ぎ,1234675
1587,166,終南佳気入楼台,終南の佳気楼台に入る,1234675
1588,166,招賢已得商山老,賢を招いては已に得たり商山の老,2134567
1589,166,託乗還徴鄴下才,乗に託しては還た徴す鄴下の才,2134567
1590,166,臣在東周独留滞,臣は東周に在りて独り留滞するも,1342567
1591,166,忻逢睿藻日辺来,睿藻の日辺より来れるに逢うを忻ぶ,3456721
1592,167,伝聞銀漢支機石,伝え聞く銀漢支機の石,1234567
1593,167,復見金輿出紫微,復た見る金輿の紫微より出づるを,1234675
1594,167,織女橋辺烏鵲起,織女橋辺烏鵲起ち,1234567
1595,167,仙人楼上鳳皇飛,仙人楼上鳳皇飛ぶ,1234567
1596,167,流風入座飄歌扇,流風座に入って歌扇を飄し,1243675
1597,167,瀑水侵階濺舞衣,瀑水階を侵して舞衣に濺ぐ,1243675
1598,167,今日還同犯牛斗,今日還た牛斗を犯せしに同じ,1236754
1599,167,乗槎共泛海潮帰,槎に乗りて共に海潮に泛んで帰らん,2135647
1600,168,忽睹雲間数雁廻,忽ち睹る雲間数雁の廻るを,1234567
1601,168,更逢山上一花開,更に逢う山上一花の開くに,1234567
1602,168,河辺淑気迎芳草,河辺の淑気は芳草を迎え,1234675
1603,168,林下軽風待落梅,林下の軽風は落梅を待つ,1234675
1604,168,秋憲府中高唱入,秋憲の府中高唱入り,1234567
1605,168,春卿署裏和歌来,春卿の署裏和歌来る,1234567
1606,168,共言東閣招賢地,共に言う東閣は賢を招くの地なりと,1234657
1607,168,自有西征作賦才,自ずから有り西征賦を作るの才,1234657
1608,169,昔人已乗白雲去,昔人已に白雲に乗りて去り,1235647
1609,169,此地空余黄鶴楼,此の地空しく余す黄鶴楼,1234567
1610,169,黄鶴一去不復返,黄鶴一たび去って復た返らず,1234675
1611,169,白雲千載空悠悠,白雲千載空しく悠悠,1234567
1612,169,晴川歴歴漢陽樹,晴川歴歴たり漢陽の樹,1234567
1613,169,芳草萋萋鸚鵡洲,芳草萋萋たり鸚鵡洲,1234567
1614,169,日暮郷関何処是,日暮郷関何れの処か是なる,1234567
1615,169,煙波江上使人愁,煙波江上人をして愁えしむ,1234675
1616,170,岧嶤太華俯咸京,岧嶤たる太華咸京を俯し,1234675
1617,170,天外三峰削不成,天外の三峰削れども成らず,1234576
1618,170,武帝祠前雲欲散,武帝祠前雲散らんと欲し,1234576
1619,170,仙人掌上雨初晴,仙人掌上雨初めて晴る,1234567
1620,170,河山北枕秦関険,河山は北のかた秦関に枕して険しく,1235647
1621,170,駅路西連漢畤平,駅路は西のかた漢畤に連なりて平らかなり,1235647
1622,170,借問路傍名利客,借問す路傍名利の客,1234567
1623,170,無如此処学長生,此の処にて長生を学ぶに如くは無し,3467521
1624,171,鳳凰台上鳳凰遊,鳳凰台上鳳凰遊ぶ,1234567
1625,171,鳳去台空江自流,鳳去り台空しくして江自ずから流る,1234567
1626,171,呉宮花草埋幽径,呉宮の花草は幽径に埋もれ,1234675
1627,171,晋代衣冠成古丘,晋代の衣冠は古丘と成る,1234675
1628,171,三山半落青天外,三山半ば落つ青天の外,1234567
1629,171,一水中分白鷺洲,一水中分す白鷺洲,1234567
1630,171,総為浮雲能蔽日,総て浮雲の能く日を蔽うが為に,1345762
1631,171,長安不見使人愁,長安は見えず人をして愁えしむ,1243675
1632,174,漢主離宮接露台,漢主の離宮露台に接し,1234675
1633,174,秦川一半夕陽開,秦川一半夕陽開く,1234567
1634,174,青山尽是朱旗繞,青山は尽く是れ朱旗繞り,1234567
1635,174,碧澗翻従玉殿来,碧澗は翻って玉殿従り来る,1235647
1636,174,新豊樹裏行人度,新豊の樹裏行人度り,1234567
1637,174,小苑城辺猟騎回,小苑の城辺猟騎回る,1234567
1638,174,聞道甘泉能献賦,聞く道らく甘泉能く賦を献ずと,1234576
1639,174,懸知独有子雲才,懸かに知る独り子雲の才有ることを,1235674
1640,176,渭水自縈秦塞曲,渭水は自ずから秦塞を縈って曲り,1235647
1641,176,黄山旧繞漢宮斜,黄山は旧と漢宮を繞って斜めなり,1235647
1642,176,鑾輿迥出千門柳,鑾輿迥かに出づ千門の柳,1234567
1643,176,閣道廻看上苑花,閣道廻り看る上苑の花,1234567
1644,176,雲裏帝城双鳳闕,雲裏の帝城双鳳闕,1234567
1645,176,雨中春樹万人家,雨中の春樹万人の家,1234567
1646,176,為乗陽気行時令,陽気に乗じて時令を行わんが為にして,3426751
1647,176,不是宸遊玩物華,是れ宸遊物華を玩ぶにあらず,2346751
1648,177,芙蓉闕下会千官,芙蓉闕下千官を会し,1234675
1649,177,紫禁朱桜出上蘭,紫禁の朱桜上蘭に出づ,1234675
1650,177,纔是寝園春薦後,纔めて是れ寝園春薦の後,1234567
1651,177,非関御苑鳥銜残,御苑鳥銜の残りに関わるに非ず,3456721
1652,177,帰鞍競帯青糸籠,帰鞍競うて帯ぶ青糸の籠,1234567
1653,177,中使頻傾赤玉盤,中使頻りに傾く赤玉の盤,1234567
1654,177,飽食不須愁内熱,飽食するも内熱を愁うるを須いず,1267543
1655,177,大官還有蔗漿寒,大官には還た蔗漿の寒有り,1235674
1656,178,酌酒与君君自寛,酒を酌んで君に与う君自ら寛うせよ,2143567
1657,178,人情翻覆似波瀾,人情の翻覆波瀾に似たり,1234675
1658,178,白首相知猶按剣,白首の相知も猶お剣を按じ,1234576
1659,178,朱門先達笑弾冠,朱門の先達は弾冠を笑う,1234675
1660,178,草色全経細雨湿,草色は全く細雨を経て湿い,1235647
1661,178,花枝欲動春風寒,花枝動かんと欲して春風寒し,1243567
1662,178,世事浮雲何足問,世事浮雲何ぞ問うに足らん,1234576
1663,178,不如高臥且加餐,如かず高臥して且つ餐を加えんには,2134576
1664,179,洞門高閣靄余暉,洞門高閣余暉靄たり,1234675
1665,179,桃李陰陰柳絮飛,桃李陰陰として柳絮飛ぶ,1234567
1666,179,禁裏疏鐘官舎晩,禁裏の疏鐘官舎晩れ,1234567
1667,179,省中啼鳥吏人稀,省中の啼鳥吏人稀なり,1234567
1668,179,晨揺玉佩趨金殿,晨に玉佩を揺がして金殿に趨き,1342675
1669,179,夕奉天書拝瑣闈,夕べに天書を奉じて瑣闈を拝す,1342675
1670,179,強欲従君無那老,強いて君に従わんと欲するも老いを那んともする無し,1432765
1671,179,将因臥病解朝衣,将に臥病に因って朝衣を解かんとす,1342675
1672,180,無著天親弟与兄,無著天親弟と兄と,1234567
1673,180,嵩丘蘭若一峰晴,嵩丘の蘭若一峰晴る,1234567
1674,180,食随鳴磬巣烏下,食は鳴磬に随いて巣烏下り,1342567
1675,180,行踏空林落葉声,行は空林を踏みて落葉声あり,1342567
1676,180,迸水定侵香案湿,迸水は定めて香案を侵して湿い,1235647
1677,180,雨花応共石床平,雨花は応に石床と共に平らかなるべし,1235647
1678,180,深洞長松何所有,深洞長松何の有る所ぞ,1234576
1679,180,儼然天竺古先生,儼然たる天竺の古先生,1234567
1680,181,別館春還淑気催,別館春還って淑気催す,1234567
1681,181,三宮路転鳳皇台,三宮路は転ず鳳皇台,1234567
1682,181,雲飛北闕軽陰散,雲飛んで北闕軽陰散じ,1234567
1683,181,雨歇南山積翠来,雨歇んで南山積翠来る,1234567
1684,181,御柳遥随天仗発,御柳は遥かに天仗に随って発し,1235647
1685,181,林花不待暁風開,林花は暁風を待たずして開く,1256437
1686,181,已知聖沢深無限,已に知る聖沢深くして限り無きを,1234576
1687,181,更喜年芳入睿才,更に喜ぶ年芳の睿才に入るを,1234675
1688,182,朝聞遊子唱離歌,朝に聞く遊子の離歌を唱うを,1234675
1689,182,昨夜微霜初渡河,昨夜微霜初めて河を渡れり,1234576
1690,182,鴻雁不堪愁裏聴,鴻雁愁裏に聴くに堪えず,1256743
1691,182,雲山況是客中過,雲山況んや是れ客中に過ぐるをや,1234567
1692,182,関城樹色催寒近,関城の樹色寒を催して近く,1234657
1693,182,御苑砧声向晩多,御苑の砧声晩に向って多からん,1234657
1694,182,莫見長安行楽処,見ること莫かれ長安行楽の処,2134567
1695,182,空令歳月易蹉跎,空しく歳月をして蹉跎たり易からしめん,1346752
1696,183,流澌臘月下河陽,流澌臘月河陽に下る,1234675
1697,183,草色新年発建章,草色新年建章に発せん,1234675
1698,183,秦地立春伝太史,秦地の立春太史より伝え,1234675
1699,183,漢宮題柱憶仙郎,漢宮の題柱仙郎を憶う,1234675
1700,183,帰鴻欲度千門雪,帰鴻度らんと欲す千門の雪,1243567
1701,183,侍女新添五夜香,侍女新たに添う五夜の香,1234567
1702,183,早晩薦雄文似者,早晩か雄が文似たる者を薦めん,1245673
1703,183,故人今已賦長楊,故人は今已に長楊を賦したり,1234675
1704,184,遠公遁跡廬山岑,遠公遁跡す廬山の岑,1234567
1705,184,開士幽居祇樹林,開士幽居す祇樹の林,1234567
1706,184,片石孤雲窺色相,片石孤雲色相を窺い,1234675
1707,184,清池皓月照禅心,清池皓月禅心を照らす,1234675
1708,184,指揮如意天花落,如意を指揮すれば天花落ち,3412567
1709,184,坐臥間房春草深,間房に坐臥すれば春草深し,3412567
1710,184,此外俗塵都不染,此の外俗塵都べて染めず,1234576
1711,184,唯余玄度得相尋,唯だ玄度を余して相尋ぬるを得しむ,1342675
1712,186,知君官属大司農,知る君が官の大司農に属するを,1235674
1713,186,詔幸驪山職事雄,詔して驪山に幸するに職事雄ならん,1342567
1714,186,歳発金銭供御府,歳ごとに金銭を発して御府に供し,1342675
1715,186,昼看仙液注離宮,昼は仙液の離宮に注ぐを看る,1346752
1716,186,千巌曙雪旌門上,千巌の曙雪旌門の上,1234567
1717,186,十月寒花輦路中,十月の寒花輦路の中,1234567
1718,186,不覩声名与文物,声名と文物とを覩ず,3456721
1719,186,自傷留滞去関東,自ら傷む留滞して関東に去るを,1234675
1720,187,花宮仙梵遠微微,花宮の仙梵遠くして微微たり,1234567
1721,187,月隠高城鐘漏稀,月は高城に隠れて鐘漏稀なり,1342567
1722,187,夜動霜林驚落葉,夜霜林を動かして落葉に驚き,1342675
1723,187,暁聞天籟発清機,暁天籟を聞いて清機を発く,1342675
1724,187,蕭条已入寒空静,蕭条として已に寒空に入りて静まり,1235647
1725,187,颯沓仍随秋雨飛,颯沓として仍お秋雨に随って飛ぶ,1235647
1726,187,始覚浮生無住著,始めて覚る浮生住著無きを,1234675
1727,187,頓令心地欲帰依,頓に心地をして帰依せんと欲せしむ,1346752
1728,188,物在人亡無見期,物在れども人亡くして見期無し,1234675
1729,188,間庭繫馬不勝悲,間庭に馬を繫いで悲しみに勝えず,1243765
1730,188,窓前緑竹生空地,窓前に緑竹空地に生じ,1234675
1731,188,門外青山似旧時,門外の青山旧時に似たり,1234675
1732,188,悵望秋天鳴墜葉,悵望すれば秋天墜葉鳴り,1234675
1733,188,巑岏枯柳宿寒鴟,巑岏たる枯柳寒鴟宿る,1234675
1734,188,憶君涙落東流水,君を憶うて涙は落つ東流の水,2134567
1735,188,歳歳花開知為誰,歳歳花開くも知んぬ誰が為ぞ,1234576
1736,189,燕台一去客心驚,燕台一たび去って客心驚く,1234567
1737,189,簫鼓喧喧漢将営,簫鼓喧喧たり漢将の営,1234567
1738,189,万里寒光生積雪,万里の寒光積雪に生じ,1234675
1739,189,三辺曙色動危旌,三辺の曙色危旌に動く,1234675
1740,189,沙場烽火侵胡月,沙場の烽火胡月を侵し,1234675
1741,189,海畔雲山擁薊城,海畔の雲山薊城を擁す,1234675
1742,189,少小雖非投筆吏,少小より投筆の吏に非ずと雖も,1256743
1743,189,論功還欲請長纓,功を論じて還た長纓を請わんと欲す,2136754
1744,190,漢文皇帝有高台,漢文皇帝高台有り,1234675
1745,190,此日登臨曙色開,此の日登臨すれば曙色開く,1234567
1746,190,三晋雲山皆北向,三晋の雲山皆北に向い,1234567
1747,190,二陵風雨自東来,二陵の風雨東自り来る,1234657
1748,190,関門令尹誰能識,関門の令尹誰か能く識らん,1234567
1749,190,河上仙翁去不回,河上の仙翁去って回らず,1234576
1750,190,且欲近尋彭沢宰,且く近く彭沢の宰を尋ね,1356742
1751,190,陶然共酔菊花杯,陶然として共に菊花の杯に酔わんと欲す,1235674
1752,191,西施謾道浣春紗,西施謾に道う春紗を浣うと,1234675
1753,191,碧玉今時闘麗華,碧玉今時麗華を闘わす,1234675
1754,191,眉黛奪将萱草色,眉黛奪将す萱草の色,1234567
1755,191,紅裙妬殺石榴花,紅裙妬殺す石榴の花,1234567
1756,191,新歌一曲令人豔,新歌一曲人をして豔ましめ,1234675
1757,191,酔舞双眸斂鬢斜,酔舞双眸鬢の斜めなるを斂む,1234675
1758,191,誰道五糸能続命,誰か道う五糸能く命を続ぐと,1234576
1759,191,却令今日死君家,却って今日君が家に死せしむ,1346752
1760,194,高館張灯酒復清,高館灯を張り酒復た清し,1243567
1761,194,夜鐘残月雁帰声,夜鐘残月雁帰る声,1234567
1762,194,只言啼鳥堪求侶,只だ言う啼鳥の侶を求むるに堪えたりと,1234765
1763,194,無那春風欲送行,那んともする無し春風の行を送らんと欲するを,2134765
1764,194,黄河曲裏沙為岸,黄河曲裏沙を岸と為し,1234576
1765,194,白馬津辺柳向城,白馬津辺柳は城に向う,1234576
1766,194,莫怨他郷暫離別,怨む莫かれ他郷暫らく離別するを,2134567
1767,194,知君到処有逢迎,知る君が到る処逢迎有らん,1234675
1768,195,雞鳴紫陌曙光寒,雞は紫陌に鳴いて曙光寒く,1342567
1769,195,鶯囀皇州春色闌,鶯は皇州に囀りて春色闌なり,1342567
1770,195,金闕暁鐘開万戸,金闕の暁鐘万戸を開き,1234675
1771,195,玉階仙仗擁千官,玉階の仙仗千官を擁す,1234675
1772,195,花迎剣佩星初落,花は剣佩を迎えて星初めて落ち,1342567
1773,195,柳払旌旗露未乾,柳は旌旗を払って露未だ乾かず,1342567
1774,195,独有鳳皇池上客,独り鳳皇池上の客有り,1345672
1775,195,陽春一曲和皆難,陽春一曲和すること皆難し,1234567
1776,196,長安雪後似春帰,長安雪後春帰るに似たり,1234675
1777,196,積素凝華連曙暉,積素凝華曙暉に連なる,1234675
1778,196,色借玉珂迷暁騎,色は玉珂に借りて暁騎を迷わしめ,1342675
1779,196,光添銀燭晃朝衣,光は銀燭に添いて朝衣を晃かす,1342675
1780,196,西山落月臨天仗,西山の落月天仗に臨み,1234675
1781,196,北闕晴雲捧禁闈,北闕の晴雲禁闈を捧ぐ,1234675
1782,196,聞道仙郎歌白雪,聞く道らく仙郎白雪を歌うと,1234675
1783,196,由来此曲和人稀,由来此の曲和す人稀なり,1234567
1784,197,西掖重雲開曙暉,西掖の重雲曙暉を開き,1234675
1785,197,北山疎雨点朝衣,北山の疎雨朝衣に点ず,1234675
1786,197,千門柳色連青瑣,千門の柳色青瑣に連なり,1234675
1787,197,三殿花香入紫微,三殿の花香紫微に入る,1234675
1788,197,平明端笏陪鵷列,平明笏を端して鵷列に陪し,1243675
1789,197,薄暮垂鞭信馬帰,薄暮鞭を垂れ馬に信せて帰る,1243657
1790,197,宦拙自悲頭白尽,宦は拙くして自ら悲しむ頭の白尽するを,1234567
1791,197,不如巌下偃荊扉,如かず巌下荊扉に偃せんには,2134675
1792,198,節使横行西出師,節使横行して西のかた師を出す,1234576
1793,198,嗚弓擐甲羽林児,弓を嗚らし甲を擐く羽林の児,2143567
1794,198,台上霜風凌草木,台上の霜風草木を凌ぎ,1234675
1795,198,軍中殺気傍旌旗,軍中の殺気旌旗に傍う,1234675
1796,198,預知漢将宣威日,預め知る漢将の威を宣ぶる日,1234657
1797,198,正是胡塵欲滅時,正に是れ胡塵の滅せんと欲する時なるを,1234657
1798,198,為報使君多泛菊,為に報ぜん使君多く菊を泛べ,1234576
1799,198,更将絃管酔東籬,更に絃管を将って東籬に酔えと,1342675
1800,200,柳嚲鶯嬌花復殷,柳は嚲れ鶯は嬌びて花復た殷し,1234567
1801,200,紅亭緑酒送君還,紅亭緑酒君が還るを送る,1234675
1802,200,到来函谷愁中月,到来函谷愁中の月,1234567
1803,200,帰去磻渓夢裏山,帰去磻渓夢裏の山,1234567
1804,200,簾前春色応須惜,簾前の春色応に須く惜しむべし,1234567
1805,200,世上浮名好是間,世上の浮名好し是れ間なり,1234567
1806,200,西望郷関腸欲断,西のかた郷関を望めば腸断えんとす,1342576
1807,200,対君衫袖涙痕斑,君に対して衫袖涙痕斑らなり,2134567
1808,201,江上巍巍万歳楼,江上巍巍たり万歳楼,1234567
1809,201,不知経歴幾千秋,知らず幾千秋を経歴せし,2156734
1810,201,年年喜見山長在,年年喜んで見る山の長しなえに在るを,1234567
1811,201,日日悲看水独流,日日悲しんで看る水の独り流るるを,1234567
1812,201,猿狖何曽離暮嶺,猿狖何ぞ曽て暮嶺を離れん,1234675
1813,201,鸕鷀空自泛寒洲,鸕鷀空しく自ら寒洲に泛ぶ,1234675
1814,201,誰堪登望雲烟裏,誰か堪えん登望雲煙の裏,1234567
1815,201,向晩茫茫発旅愁,晩に向って茫茫旅愁を発す,2134675
1816,202,春山無伴独相求,春山伴無く独り相求む,1243567
1817,202,伐木丁丁山更幽,伐木丁丁山更に幽なり,1234567
1818,202,澗道余寒歴冰雪,澗道の余寒冰雪を歴,1234675
1819,202,石門斜日到林丘,石門の斜日林丘に到る,1234675
1820,202,不貪夜識金銀気,貪らずして夜金銀の気を識り,2135674
1821,202,遠害朝看麋鹿遊,害に遠ざかって朝に麋鹿の遊ぶを看る,2135674
1822,202,乗興杳然迷出処,興に乗じては杳然として出処に迷い,2134675
1823,202,対君疑是泛虚舟,君に対して疑うらくは是れ虚舟を泛べしかと,2134675
1824,205,苑外江頭坐不帰,苑外の江頭坐して帰らず,1234576
1825,205,水精宮殿転霏微,水精の宮殿転た霏微,1234567
1826,205,桃花細逐楊花落,桃花は細かに楊花を逐うて落ち,1235647
1827,205,黄鳥時兼白鳥飛,黄鳥は時に白鳥を兼ねて飛ぶ,1235647
1828,205,縦飲久判人共棄,飲を縦にして久しく判す人共に棄つるを,2134567
1829,205,懶朝真与世相違,懶朝真に世と相違う,1235467
1830,205,吏情更覚滄洲遠,吏情更に覚ゆ滄洲の遠きを,1234567
1831,205,老大徒傷未払衣,老大徒らに傷んで未だ衣を払わず,1234576
1832,206,老去悲秋強自寛,老い去って悲秋強いて自ら寛うす,1234567
1833,206,興来今日尽君歓,興来って今日君が歓を尽す,1234675
1834,206,羞将短髪還吹帽,羞ずらくは短髪を将て還た帽を吹かるるを,1342576
1835,206,笑倩旁人為正冠,笑って旁人に倩みて為に冠を正さしむ,1342576
1836,206,藍水遠従千澗落,藍水は遠く千澗より落ち,1235647
1837,206,玉山高並両峰寒,玉山は高く両峰と並べて寒し,1235647
1838,206,明年此会知誰健,明年此の会知る誰か健ならん,1234567
1839,206,酔把茱萸子細看,酔うて茱萸を把って子細に看る,1342567
1840,207,西山白雪三城戍,西山の白雪三城の戍,1234567
1841,207,南浦清江万里橋,南浦の清江万里橋,1234567
1842,207,海内風塵諸弟隔,海内の風塵諸弟隔たり,1234567
1843,207,天涯涕涙一身遥,天涯の涕涙一身遥かなり,1234567
1844,207,惟将遅暮供多病,惟だ遅暮を将って多病に供し,1342675
1845,207,未有涓埃答聖朝,未だ涓埃も聖朝に答うる有らず,1346752
1846,207,跨馬出郊時極目,馬に跨り郊に出でて時に目を極むれば,2143576
1847,207,不堪人事日蕭条,堪えず人事の日に蕭条たるに,2134567
1848,208,花近高楼傷客心,花は高楼に近くして客心を傷ましむ,1342675
1849,208,万方多難此登臨,万方多難なるときここに登臨す,1234567
1850,208,錦江春色来天地,錦江の春色天地に来たり,1234675
1851,208,玉塁浮雲変古今,玉塁の浮雲古今に変ず,1234675
1852,208,北極朝廷終不改,北極の朝廷ついに改まらず,1234576
1853,208,西山寇盗莫相侵,西山の寇盗相侵すことなかれ,1234675
1854,208,可憐後主還祠廟,憐れむべし後主もまた廟に祠らる,2134576
1855,208,日暮聊為梁甫吟,日暮いささか梁甫の吟をなす,1235674
1856,209,玉露凋傷楓樹林,玉露凋傷す楓樹の林,1234567
1857,209,巫山巫峡気蕭森,巫山巫峡気蕭森たり,1234567
1858,209,江間波浪兼天湧,江間の波浪天を兼ねて湧き,1234657
1859,209,塞上風雲接地陰,塞上の風雲地に接して陰る,1234657
1860,209,叢菊両開他日涙,叢菊両たび開く他日の涙,1234567
1861,209,孤舟一繋故園心,孤舟一えに繋ぐ故園の心,1234567
1862,209,寒衣処処催刀尺,寒衣処処刀尺を催し,1234675
1863,209,白帝城高急暮砧,白帝城高くして暮砧急なり,1234675
1864,211,蓬萊宮闕対南山,蓬萊の宮闕南山に対し,1234675
1865,211,承露金茎霄漢間,承露の金茎霄漢の間,1234567
1866,211,西望瑶池降王母,西のかた瑶池を望めば王母降り,1342675
1867,211,東来紫気満函関,東来の紫気函関に満つ,1234675
1868,211,雲移雉尾開宮扇,雲移りて雉尾宮扇を開き,1234675
1869,211,日繞竜鱗識聖顔,日繞りて竜鱗聖顔を識る,1234675
1870,211,一臥滄江驚歳晩,一たび滄江に臥して歳晩に驚く,1342675
1871,211,幾回青瑣点朝班,幾回か青瑣にて朝班に点ぜられし,1234675
1872,212,昆明池水漢時功,昆明の池水漢時の功,1234567
1873,212,武帝旌旗在眼中,武帝の旌旗眼中に在り,1234675
1874,212,織女機糸虚夜月,織女の機糸は夜月に虚しく,1234675
1875,212,石鯨鱗甲動秋風,石鯨の鱗甲は秋風に動く,1234675
1876,212,波漂菰米沈雲黒,波は菰米を漂わして沈雲黒く,1342567
1877,212,露冷蓮房墜粉紅,露は蓮房に冷やかにして墜粉紅なり,1342567
1878,212,関塞極天惟鳥道,関塞極天惟だ鳥道,1234567
1879,212,江湖満地一漁翁,江湖満地一漁翁,1234567
1880,213,吹笛秋山風月清,笛を吹く秋山風月の清きに,2134567
1881,213,誰家巧作断腸声,誰家か巧みに作す断腸の声,1234567
1882,213,風飄律呂相和切,風は律呂を飄して相和すること切に,1342567
1883,213,月傍関山幾処明,月は関山に傍うて幾処か明らかなる,1342567
1884,213,胡騎中宵堪北走,胡騎中宵北走するに堪えたり,1234675
1885,213,武陵一曲想南征,武陵の一曲南征を想う,1234675
1886,213,故園楊柳今揺落,故園の楊柳今揺落す,1234567
1887,213,何得愁中却尽生,何ぞ愁中に却って尽く生ずるを得し,1345672
1888,214,歳暮陰陽催短景,歳暮陰陽短景を催し,1234675
1889,214,天涯霜雪霽寒宵,天涯の霜雪寒宵に霽る,1234675
1890,214,五更鼓角声悲壮,五更の鼓角声悲壮,1234567
1891,214,三峡星河影動揺,三峡の星河影動揺,1234567
1892,214,野哭千家聞戦伐,野哭千家戦伐に聞え,1234675
1893,214,夷歌幾処起漁樵,夷歌幾処漁樵より起る,1234675
1894,214,臥竜躍馬終黄土,臥竜躍馬終に黄土,1234567
1895,214,人事音書漫寂寥,人事音書漫に寂寥,1234567
1896,215,楚王宮北正黄昏,楚王宮北正に黄昏,1234567
1897,215,白帝城西過雨痕,白帝城西過雨の痕,1234567
1898,215,返照入江翻石壁,返照江に入って石壁に翻り,1243675
1899,215,帰雲擁樹失山村,帰雲樹を擁して山村を失す,1243675
1900,215,衰年病肺唯高枕,衰年肺を病んで唯だ枕を高くし,1243576
1901,215,絶塞愁時早閉門,絶塞時を愁えて早く門を閉ず,1243576
1902,215,不可久留豺虎乱,久しく豺虎の乱に留まるべからず,3567421
1903,215,南方実有未招魂,南方実に未だ招かれざるの魂有り,1235674
1904,216,風急天高猿嘯哀,風急に天高くして猿嘯哀し,1234567
1905,216,渚清沙白鳥飛廻,渚清く沙白くして鳥飛び廻る,1234567
1906,216,無辺落木蕭蕭下,無辺の落木蕭蕭として下り,1234567
1907,216,不尽長江滾滾来,不尽の長江滾滾として来たる,1234567
1908,216,万里悲秋常作客,万里悲秋常に客と作り,1234576
1909,216,百年多病独登台,百年多病独り台に登る,1234576
1910,216,艱難苦恨繁霜鬢,艱難苦だ恨む繁霜の鬢,1234567
1911,216,潦倒新停濁酒杯,潦倒新たに停む濁酒の杯,1234567
1912,217,二月黄鸝飛上林,二月黄鸝上林に飛び,1234675
1913,217,春城紫禁暁陰陰,春城紫禁暁に陰陰たり,1234567
1914,217,長楽鐘声花外尽,長楽の鐘声花外に尽き,1234567
1915,217,竜池柳色雨中深,竜池の柳色雨中に深し,1234567
1916,217,陽和不散窮途恨,陽和も散ぜず窮途の恨み,1243567
1917,217,霄漢長懸捧日心,霄漢長く懸く捧日の心,1234567
1918,217,献賦十年猶未遇,賦を献じて十年猶お未だ遇わず,2134567
1919,217,羞将白髪対華簪,羞ずらくは白髪を将て華簪に対するを,1342675
1920,218,紫微晴雪帯恩光,紫微の晴雪恩光を帯び,1234675
1921,218,繞仗偏随鴛鷺行,仗を繞りて偏えに随う鴛鷺の行,2134567
1922,218,長信月留寧避暁,長信月留まりて寧ぞ暁を避けん,1234576
1923,218,宜春花満不飛香,宜春花満つるも香を飛ばさず,1234765
1924,218,独看積素凝清禁,独り看る積素の清禁に凝るを,1234675
1925,218,已覚軽寒譲太陽,已に覚ゆ軽寒の太陽に譲るを,1234675
1926,218,題柱盛名兼絶唱,題柱の盛名絶唱を兼ぬ,1234675
1927,218,風流誰継漢田郎,風流誰か継がん漢の田郎,1234567
1928,219,夾水蒼山路向東,水を夾む蒼山路は東に向かい,2134576
1929,219,東南山豁大河通,東南山豁けて大河通ず,1234567
1930,219,寒樹依微遠天外,寒樹依微たり遠天の外,1234567
1931,219,夕陽明滅乱流中,夕陽明滅す乱流の中,1234567
1932,219,孤村幾処臨伊岸,孤村幾処か伊岸に臨む,1234675
1933,219,一雁初晴下朔風,一雁初めて晴れて朔風に下る,1234675
1934,219,為報洛橋遊宦侶,為に報ぜよ洛橋遊宦の侶,1234567
1935,219,扁舟不繋与心同,扁舟繋がず心と同じと,1243657
1936,220,石林精舎武渓東,石林の精舎武渓の東,1234567
1937,220,夜叩禅扉謁遠公,夜禅扉を叩いて遠公に謁す,1342675
1938,220,月在上方諸品静,月は上方に在りて諸品静かに,1342567
1939,220,心持半偈万縁空,心は半偈を持して万縁空し,1342567
1940,220,蒼苔古道行応遍,蒼苔の古道行いて応に遍ねかるべし,1234567
1941,220,落木寒泉聴不窮,落木寒泉聴いて窮まらず,1234576
1942,220,更憶双峰最高頂,更に憶う双峰の最高頂,1234567
1943,220,此心期与故人同,此の心故人と同じからんことを期す,1256473
1944,221,東風吹雨過青山,東風雨を吹いて青山を過ぐ,1243675
1945,221,却望千門草色閑,却って千門を望めば草色閑なり,1342567
1946,221,家在夢中何日到,家は夢中に在って何れの日にか到らん,1342567
1947,221,春来江上幾人還,春は江上に来って幾人か還る,1342567
1948,221,川原繚繞浮雲外,川原繚繞たり浮雲の外,1234567
1949,221,宮闕参差落照間,宮闕参差たり落照の間,1234567
1950,221,誰念為儒逢世難,誰か念わん儒と為りて世難に逢い,1243675
1951,221,独将衰鬢客秦関,独り衰鬢を将って秦関に客たらんとは,1342675
1952,222,同人永日自相将,同人永日自ずから相将い,1234567
1953,222,深竹間園偶辟疆,深竹間園辟疆に偶す,1234675
1954,222,已被秋風教憶鱠,已に秋風に鱠を憶わ教められ,1347652
1955,222,更聞寒雨勧飛觴,更に寒雨の觴を飛ばさんと勧むるを聞く,1347652
1956,222,帰心莫問三江水,帰心問う莫かれ三江の水,1243567
1957,222,旅服従沾九日霜,旅服沾すに従す九日の霜,1243567
1958,222,酔裏欲尋騎馬路,酔裏尋ねんと欲す騎馬の路,1243567
1959,222,蕭条是処有垂楊,蕭条として是の処に垂楊有り,1234675
1960,223,緑楊著水草如煙,緑楊水に著いて草煙の如し,1243576
1961,223,旧是胡児飲馬泉,旧と是れ胡児の飲馬泉,1234567
1962,223,幾処吹笳明月夜,幾処か笳を吹く明月の夜,1243567
1963,223,何人倚剣白雲天,何人か剣に倚る白雲の天,1243567
1964,223,従来凍合関山道,従来凍合す関山の道,1234567
1965,223,今日分流漢使前,今日分流す漢使の前,1234567
1966,223,莫遣行人照容鬢,行人をして容鬢を照らさしむる莫かれ,3426751
1967,223,恐驚憔悴入新年,恐らくは憔悴して新年に入るに驚かん,1346752
1968,224,城上高楼接大荒,城上の高楼大荒に接す,1234675
1969,224,海天愁思正茫茫,海天愁思正に茫茫たり,1234567
1970,224,驚風乱颭芙蓉水,驚風乱れ颭かす芙蓉の水,1234567
1971,224,密雨斜侵薛荔牆,密雨斜めに侵す薛荔の牆,1234567
1972,224,嶺樹重遮千里目,嶺樹は重なりて千里の目を遮り,1235674
1973,224,江流曲似九迴腸,江流は曲りて九迴の腸に似たり,1235674
1974,224,共来百粤文身地,共に来る百粤文身の地,1234567
1975,224,猶自音書滞一郷,猶自も音書は一郷に滞る,1234675
1976,226,主人不相識,主人相識らず,12453
1977,226,偶坐為林泉,偶坐するは林泉の為なり,12453
1978,226,莫謾愁沽酒,謾に酒を沽うを愁うる莫かれ,25431
1979,226,囊中自有銭,囊中自ずから銭有り,12354
1980,227,趙氏連城璧,趙氏連城の璧,12345
1981,227,由来天下伝,由来天下に伝う,12345
1982,227,送君還旧府,君が旧府に還るを送れば,24531
1983,227,明月満前川,明月前川に満つ,12453
1984,229,漢庭栄巧宦,漢庭巧宦を栄えしめ,12453
1985,229,雲閣薄辺功,雲閣辺功を薄んず,12453
1986,229,可憐驄馬使,憐れむ可し驄馬の使,21345
1987,229,白首為誰雄,白首誰が為にか雄なる,12435
1988,230,陌頭楊柳枝,陌頭楊柳の枝,12345
1989,230,已被春風吹,已に春風に吹かれたり,13452
1990,230,妾心正断絶,妾が心正に断絶す,12345
1991,230,君懐那得知,君が懐い那ぞ知ることを得ん,12354
1992,231,去国三巴遠,国を去って三巴遠く,21345
1993,231,登楼万里春,楼に登れば万里春なり,21345
1994,231,傷心江上客,心を傷ましむ江上の客,21345
1995,231,不是故郷人,是れ故郷の人ならず,23451
1996,232,北風吹白雲,北風白雲を吹き,12453
1997,232,万里渡河汾,万里河汾を渡る,12453
1998,232,心緒逢揺落,心緒揺落に逢い,12453
1999,232,秋声不可聞,秋声聞く可からず,12543
2000,233,客心争日月,客心日月と争い,12453
2001,233,来往預期程,来往預め程を期す,12354
2002,233,秋風不相待,秋風相待まず,12453
2003,233,先至洛陽城,先ず至る洛陽城,12345
2004,235,辺地鶯花少,辺地鶯花少なく,12345
2005,235,年来未覚新,年来るも未だ新たなるを覚えず,12354
2006,235,美人天上落,美人天上より落ち,12345
2007,235,竜塞始応春,竜塞始めて応に春なるべし,12345
2008,236,床前看月光,床前月光を看る,12453
2009,236,疑是地上霜,疑うらくは是れ地上の霜かと,12345
2010,236,挙頭望山月,頭を挙げて山月を望み,21453
2011,236,低頭思故郷,頭を低れて故郷を思う,21453
2012,238,白髪三千丈,白髪三千丈,12345
2013,238,縁愁似箇長,愁いに縁りて箇の似く長し,21435
2014,238,不知明鏡裏,知らず明鏡の裏,21345
2015,238,何処得秋霜,何れの処にか秋霜を得たる,12453
2016,240,潮水還帰海,潮水還りて海に帰り,12354
2017,240,流人却到呉,流人却って呉に到る,12354
2018,240,相逢問愁苦,相逢うて愁苦を問えば,12453
2019,240,涙尽日南珠,涙は尽く日南の珠,12345
2020,241,相送臨高台,相送りて高台に臨めば,12453
2021,241,川原杳何極,川原杳として何ぞ極まらん,12345
2022,241,日暮飛鳥還,日暮飛鳥還るに,12345
2023,241,行人去不息,行人去って息まず,12354
2024,242,怪来粧閣閉,怪しむらくは粧閣の閉づることを,12345
2025,242,朝下不相迎,朝より下るも相迎えず,12453
2026,242,総向春園裏,総て春園の裏に向って,13452
2027,242,花間笑語声,花間笑語の声,12345
2028,243,已見寒梅発,已に寒梅の発くを見,13452
2029,243,復聞啼鳥声,復た啼鳥の声を聞く,13452
2030,243,愁心視春草,愁心春草を視て,12453
2031,243,畏向玉階生,玉階に向って生ぜんことを畏る,34251
2032,245,独坐幽篁裏,独り坐す幽篁の裏,12345
2033,245,弾琴復長嘯,琴を弾じて復た長嘯す,21345
2034,245,深林人不知,深林人知らず,12354
2035,245,明月来相照,明月来りて相照らす,12345
2036,246,長信宮中草,長信宮中の草,12345
2037,246,年年愁処生,年年愁処に生ず,12345
2038,246,時侵珠履跡,時に珠履の跡を侵し,13452
2039,246,不使玉階行,玉階をして行かしめず,34251
2040,247,遺却珊瑚鞭,遺却す珊瑚の鞭,12345
2041,247,白馬驕不行,白馬驕りて行かず,12354
2042,247,章台折楊柳,章台楊柳を折る,12453
2043,247,春日路傍情,春日路傍の情,12345
2044,248,遊人五陵去,遊人五陵に去る,12345
2045,248,宝剣直千金,宝剣直千金,12345
2046,248,分手脱相贈,手を分つとき脱して相贈る,21345
2047,248,平生一片心,平生一片の心,12345
2048,249,春眠不覚暁,春眠暁を覚えず,12543
2049,249,処処聞啼鳥,処処啼鳥を聞く,12453
2050,249,夜来風雨声,夜来風雨の声,12345
2051,249,花落知多少,花落つること知んぬ多少ぞ,12345
2052,250,洛陽訪才子,洛陽に才子を訪えば,12453
2053,250,江嶺作流人,江嶺に流人と作れり,12453
2054,250,聞説梅花早,聞く説らく梅花早しと,12345
2055,250,何如此地春,何ぞ此の地の春に如かん,13452
2056,251,大道直如髪,大道直きこと髪の如く,12354
2057,251,春日佳気多,春日佳気多し,12345
2058,251,五陵貴公子,五陵の貴公子,12345
2059,251,双双鳴玉珂,双双玉珂を鳴らす,12453
2060,252,鳴鞭過酒肆,鞭を鳴らして酒肆に過り,21453
2061,252,袨服遊倡門,袨服倡門に遊ぶ,12453
2062,252,百万一時尽,百万一時に尽くし,12345
2063,252,含情無片言,情を含んで片言無し,21453
2064,253,一雁過連営,一雁連営を過ぎ,12453
2065,253,繁霜覆古城,繁霜古城を覆う,12453
2066,253,胡笳在何処,胡笳何れの処にか在る,12453
2067,253,半夜起辺声,半夜辺声を起す,12453
2068,254,映門淮水緑,門に映ず淮水の緑,21345
2069,254,留騎主人心,騎を留む主人の心,21345
2070,254,明月随良掾,明月良掾に随い,12453
2071,254,春潮夜夜深,春潮夜夜に深し,12345
2072,256,結廬古城下,廬を結ぶ古城の下,21345
2073,256,時登古城上,時に登る古城の上,12345
2074,256,古城非疇昔,古城疇昔に非ず,12453
2075,256,今人自来往,今人自ずから来往す,12345
2076,257,日夕見寒山,日夕寒山を見ては,12453
2077,257,便為独往客,便ち独往の客と為る,13452
2078,257,不知松林事,知らず松林の事,21345
2079,257,但有麏麚跡,但だ麏麚の跡有るのみ,13452
2080,258,万国尚戎馬,万国尚お戎馬,12345
2081,258,故園今若何,故園今若何,12345
2082,258,昔帰相識少,昔帰りしとき相識少に,12345
2083,258,早已戦場多,早く已に戦場多かりき,12345
2084,259,江碧鳥逾白,江碧にして鳥逾〻白く,12345
2085,259,山青花欲然,山青くして花然えんと欲す,12354
2086,259,今春看又過,今春看〻又た過ぐ,12345
2087,259,何日是帰年,何れの日か是れ帰年,12345
2088,260,君家住何処,君が家は何処にか住む,12453
2089,260,妾住在横塘,妾は住んで横塘に在り,12453
2090,260,停船暫借問,船を停めて暫く借問す,21345
2091,260,或恐是同郷,或いは恐らく是れ同郷ならんかと,12345
2092,261,尚有綈袍贈,尚お綈袍の贈有り,13452
2093,261,応憐范叔寒,応に范叔の寒を憐れむなるべし,13452
2094,261,不知天下士,天下の士なるを知らず,34521
2095,261,猶作布衣看,猶お布衣の看を作す,13452
2096,262,出門何所見,門を出づれば何の見る所ぞ,21354
2097,262,春色満平蕪,春色平蕪に満つ,12453
2098,262,可歎無知己,歎ず可し知己無きを,21453
2099,262,高陽一酒徒,高陽の一酒徒,12345
2100,263,強欲登高去,強いて高きに登り去らんと欲するも,14352
2101,263,無人送酒来,人の酒を送り来る無し,24351
2102,263,遥憐故園菊,遥かに憐れむ故園の菊,12345
2103,263,応傍戦場開,応に戦場に傍うて開くべし,13425
2104,264,渭水東流去,渭水東に流れ去り,12345
2105,264,何時到雍州,何れの時か雍州に到らん,12453
2106,264,憑添両行涙,憑むらくは両行の涙を添えて,13452
2107,264,寄向故園流,寄せて故園に向って流さん,13425
2108,266,終南陰嶺秀,終南陰嶺秀で,12345
2109,266,積雪浮雲端,積雪雲端に浮ぶ,12453
2110,266,林表明霽色,林表霽色明らかに,12453
2111,266,城中増暮寒,城中暮寒を増す,12453
2112,267,避賢初罷相,賢を避けて初めて相を罷め,21354
2113,267,楽聖且銜杯,聖を楽しんで且く杯を銜む,21354
2114,267,為問門前客,為に問う門前の客,12345
2115,267,今朝幾箇来,今朝幾箇か来る,12345
2116,268,陰雲帯残日,陰雲残日を帯ぶ,12453
2117,268,悵別此何時,別れを悵む此れ何の時ぞ,21345
2118,268,欲望黄山道,黄山の道を望まんと欲すれども,34521
2119,268,無由見所思,所思を見るに由無し,45321
2120,269,冷艶全欺雪,冷艶全く雪を欺き,12354
2121,269,余香乍入衣,余香乍ち衣に入る,12354
2122,269,春風且莫定,春風且く定まること莫かれ,12354
2123,269,吹向玉階飛,吹いて玉階に向って飛ぶ,13425
2124,270,綿連滍川迴,綿連として滍川迴かに,12345
2125,270,杳渺鴉路深,杳渺として鴉路深し,12345
2126,270,彭沢興不浅,彭沢興浅からず,12354
2127,270,臨風動帰心,風に臨んで帰心を動かす,21453
2128,271,渺渺戍烟孤,渺渺として戍烟孤なり,12345
2129,271,茫茫塞草枯,茫茫として塞草枯る,12345
2130,271,隴頭那用閉,隴頭那んぞ閉ざすを用いん,12354
2131,271,万里不防胡,万里胡を防がず,12543
2132,273,燕趙悲歌士,燕趙悲歌の士,12345
2133,273,相逢劇孟家,相逢う劇孟の家,12345
2134,273,寸心言不尽,寸心言い尽くさず,12354
2135,273,前路日将斜,前路日将に斜めならんとす,12345
2136,274,咫尺愁風雨,咫尺風雨を愁う,12453
2137,274,匡廬不可登,匡廬登る可からず,12543
2138,274,祗疑雲霧窟,祗だ疑う雲霧の窟,12345
2139,274,猶有六朝僧,猶お六朝の僧有らんかと,13452
2140,275,懐君属秋夜,君を懐いて秋夜に属す,21453
2141,275,散歩詠涼天,散歩して涼天に詠ず,12453
2142,275,山空松子落,山空しくして松子落つ,12345
2143,275,幽人応未眠,幽人応に未だ眠らざるべし,12345
2144,276,遠聴江上笛,遠く江上の笛を聴き,13452
2145,276,臨觴一送君,觴に臨んで一たび君を送る,21354
2146,276,還愁独宿夜,還た愁う独宿の夜,12345
2147,276,更向郡斎聞,更に郡斎に向って聞かんことを,13425
2148,277,故園眇何処,故園眇として何れの処ぞ,12345
2149,277,帰思方悠哉,帰思方に悠なるかな,12345
2150,277,淮南秋雨夜,淮南秋雨の夜,12345
2151,277,高斎聞雁来,高斎雁の来るを聞く,12453
2152,278,林中観易罷,林中易を観ること罷み,12435
2153,278,渓上対鴎間,渓上鴎に対して間なり,12435
2154,278,楚俗饒詞客,楚俗詞客饒し,12453
2155,278,何人最往還,何人か最も往還する,12345
2156,279,花枝出建章,花枝建章より出で,12453
2157,279,鳳管発昭陽,鳳管昭陽より発す,12453
2158,279,借問承恩者,借問す恩を承くる者,12435
2159,279,双蛾幾許長,双蛾幾許か長き,12345
2160,280,歳月人間促,歳月人間に促り,12345
2161,280,烟霞此地多,烟霞此の地に多し,12345
2162,280,殷勤竹林寺,殷勤にす竹林寺,12345
2163,280,更得幾回過,更に幾回か過ぎることを得ん,13452
2164,281,返照入閭巷,返照閭巷に入る,12453
2165,281,憂来誰共語,憂い来りて誰と共にか語らん,12345
2166,281,古道少人行,古道人行少なり,12453
2167,281,秋風動禾黍,秋風禾黍を動かす,12453
2168,282,月黒雁飛高,月黒くして雁の飛ぶこと高く,12345
2169,282,単于遠遁逃,単于遠く遁逃す,12345
2170,282,欲将軽騎逐,軽騎を将って逐わんと欲すれば,34251
2171,282,大雪満弓刀,大雪弓刀に満つ,12453
2172,283,知有前期在,前期の在ること有るを知れども,34521
2173,283,難分此夜中,分れ難し此の夜の中,21345
2174,283,無将故人酒,故人の酒を将って無かれ,34521
2175,283,不及石尤風,石尤の風に及ばず,34521
2176,284,征戍在桑乾,征戍して桑乾に在り,12453
2177,284,年年薊水寒,年年薊水寒し,12345
2178,284,殷勤駅西路,殷勤にす駅西の路,12345
2179,284,此去向長安,此より去って長安に向う,12453
2180,285,沅湘流不尽,沅湘流れて尽きず,12354
2181,285,屈子怨何深,屈子怨み何ぞ深き,12345
2182,285,日暮秋風起,日暮秋風起り,12345
2183,285,蕭蕭楓樹林,蕭蕭たり楓樹の林,12345
2184,286,小苑鶯歌歇,小苑鶯歌歇み,12345
2185,286,長門蝶舞多,長門蝶舞多し,12345
2186,286,眼看春又去,眼のあたり看る春又去るを,12345
2187,286,翠輦不曽過,翠輦曽て過らず,12453
2188,287,荒山秋日午,荒山秋日午なり,12345
2189,287,独上意悠悠,独り上る意悠悠たり,12345
2190,287,如何望郷処,如何せん郷を望む処,12435
2191,287,西北是融州,西北は是れ融州,12345
2192,288,何処秋風至,何れの処よりか秋風至る,12345
2193,288,蕭蕭送雁群,蕭蕭として雁群を送る,12453
2194,288,朝来入庭樹,朝来庭樹に入り,12453
2195,288,孤客最先聞,孤客最も先に聞く,12345
2196,289,馬嘶白日暮,馬嘶いて白日暮れ,12345
2197,289,剣鳴秋気来,剣鳴って秋気来る,12345
2198,289,我心渺無際,我が心渺として際無し,12354
2199,289,河上空徘徊,河上空しく徘徊す,12345
2200,290,欲別牽郎衣,別れんと欲して郎が衣を牽く,21453
2201,290,郎今到何処,郎は今何れの処にか到る,12453
2202,290,不恨帰来遅,帰り来ることの遅きを恨みず,34521
2203,290,莫向臨邛去,臨邛に向って去ること莫かれ,34251
2204,291,松下問童子,松下童子に問えば,12453
2205,291,言師採薬去,言う師は薬を採らんとして去れり,12435
2206,291,只在此山中,只だ此の山中に在らんも,13452
2207,291,雲深不知処,雲深くして処を知らず,12543
2208,292,輦路生春草,輦路春草を生じ,12453
2209,292,上林花満枝,上林花枝に満つ,12354
2210,292,憑高何限意,高きに憑る何限の意,21345
2211,292,無復侍臣知,復た侍臣の知る無し,23451
2212,293,勧君金屈巵,君に勧む金屈巵,21345
2213,293,満酌不須辞,満酌辞するを須いず,12543
2214,293,花発多風雨,花発いて風雨多し,12453
2215,293,人生足別離,人生別離足る,12453
2216,295,漢国山河在,漢国山河在り,12345
2217,295,秦陵草樹深,秦陵草樹深し,12345
2218,295,暮雲千里色,暮雲千里の色,12345
2219,295,無処不傷心,処として心を傷ましめざるは無し,25431
2220,296,聞道黄花戍,聞く道らく黄花の戍,12345
2221,296,頻年不解兵,頻年兵を解かずと,12543
2222,296,可憐閨裏月,憐れむ可し閨裏の月,21345
2223,296,偏照漢家営,偏えに照らす漢家の営,12345
2224,300,九月九日望郷台,九月九日望郷台,1234567
2225,300,他席他郷送客杯,他席他郷客を送る杯,1234657
2226,300,人情已厭南中苦,人情已に厭う南中の苦,1234567
2227,300,鴻鴈那従北地来,鴻鴈那ぞ北地より来る,1235647
2228,302,知君書記本翩翩,知る君が書記本翩翩たるを,1234567
2229,302,為許従戎赴朔辺,為に許す戎に従って朔辺に赴くを,1243675
2230,302,紅粉楼中応計日,紅粉楼中応に日を計うべし,1234576
2231,302,燕支山下莫経年,燕支山下年を経ること莫かれ,1234765
2232,303,紅粉青娥映楚雲,紅粉青娥楚雲に映じ,1234675
2233,303,桃花馬上石榴裙,桃花の馬上石榴の裙,1234567
2234,303,羅敷独向東方去,羅敷独り東方に向って去る,1235647
2235,303,謾学他家作使君,謾に他家を学んで使君と作らん,1342675
2236,304,銅台宮観委灰塵,銅台の宮観灰塵に委す,1234675
2237,304,魏主園陵漳水浜,魏主の園陵漳水の浜,1234567
2238,304,即今西望猶堪思,即今西望して猶お思うに堪えたり,1234576
2239,304,況復当時歌舞人,況んや復た当時歌舞の人をや,1234567
2240,305,北邙山上列墳塋,北邙山上墳塋列なり,1234675
2241,305,万古千秋対洛城,万古千秋洛城に対す,1234675
2242,305,城中日夕歌鐘起,城中日夕歌鐘起り,1234567
2243,305,山上唯聞松柏声,山上唯だ聞く松柏の声,1234567
2244,306,羽客笙歌此地違,羽客の笙歌此の地に違い,1234567
2245,306,離筵数処白雲飛,離筵数処白雲飛ぶ,1234567
2246,306,蓬萊闕下長相憶,蓬萊闕下長く相憶うも,1234567
2247,306,桐柏山頭去不帰,桐柏山頭去って帰らず,1234576
2248,308,葡萄美酒夜光杯,葡萄の美酒夜光の杯,1234567
2249,308,欲飲琵琶馬上催,飲まんと欲すれば琵琶馬上に催す,2134567
2250,308,酔臥沙場君莫笑,酔うて沙場に臥す君笑うこと莫かれ,1342576
2251,308,古来征戦幾人回,古来征戦幾人か回る,1234567
2252,309,雲想衣裳花想容,雲には衣裳を想い花には容を想う,1342576
2253,309,春風払檻露華濃,春風檻を払って露華濃やかなり,1243567
2254,309,若非群玉山頭見,若し群玉山頭に見るに非ずんば,1345672
2255,309,会向瑶台月下逢,会ず瑶台月下に向いて逢わん,1345627
2256,313,峨眉山月半輪秋,峨眉山月半輪の秋,1234567
2257,313,影入平羌江水流,影は平羌江水に入って流る,1345627
2258,313,夜発清渓向三峡,夜清渓を発して三峡に向かう,1342675
2259,313,思君不見下渝州,君を思えども見えず渝州に下る,2143675
2260,314,誰道君王行路難,誰か道う君王行路難しと,1234567
2261,314,六竜西幸万人歓,六竜西に幸して万人歓ぶ,1234567
2262,314,地転錦江成渭水,地は錦江を転じて渭水と成し,1342675
2263,314,天廻玉塁作長安,天は玉塁を廻らして長安と作す,1342675
2264,315,剣閣重関蜀北門,剣閣の重関蜀の北門,1234567
2265,315,上皇帰馬若雲屯,上皇の帰馬雲の若く屯す,1234657
2266,315,少帝長安開紫極,少帝長安に紫極を開き,1234675
2267,315,双懸日月照乾坤,日月を双べ懸けて乾坤を照らす,3412675
2268,316,楊花落尽子規啼,楊花落ち尽くして子規啼く,1234567
2269,316,聞道竜標過五渓,聞道らく竜標五渓を過ぐと,1234675
2270,316,我寄愁心与明月,我愁心を寄せて明月に与う,1342675
2271,316,随風直到夜郎西,風に随って直ちに到れ夜郎の西,2134567
2272,317,故人西辞黄鶴楼,故人西のかた黄鶴楼を辞し,1235674
2273,317,煙花三月下揚州,煙花三月揚州に下る,1234675
2274,317,孤帆遠影碧空尽,孤帆の遠影碧空に尽き,1234567
2275,317,唯見長江天際流,唯だ見る長江の天際に流るるを,1234567
2276,318,洞庭西望楚江分,洞庭西に望めば楚江分る,1234567
2277,318,水尽南天不見雲,水尽きて南天雲を見ず,1234765
2278,318,日落長沙秋色遠,日落ちて長沙秋色遠し,1234567
2279,318,不知何処弔湘君,知らず何れの処にか湘君を弔わん,2134675
2280,319,天門中断楚江開,天門中断して楚江開き,1234567
2281,319,碧水東流直北廻,碧水東流して直北に廻る,1234567
2282,319,両岸青山相対出,両岸の青山相対して出で,1234567
2283,319,孤帆一片日辺来,孤帆一片日辺より来る,1234567
2284,320,朝辞白帝彩雲間,朝に辞す白帝彩雲の間,1234567
2285,320,千里江陵一日還,千里の江陵一日にして還る,1234567
2286,320,両岸猿声啼不住,両岸の猿声啼いて住まざるに,1234576
2287,320,軽舟已過万重山,軽舟已に過ぐ万重の山,1234567
2288,321,霜落荆門江樹空,霜は荊門に落ちて江樹空し,1342567
2289,321,布帆無恙挂秋風,布帆恙無く秋風に挂く,1243675
2290,321,此行不為鱸魚膾,此の行鱸魚の膾の為ならず,1256743
2291,321,自愛名山入剡中,自ら名山を愛して剡中に入る,1342675
2292,324,一為遷客去長沙,一たび遷客と為って長沙に去る,1342675
2293,324,西望長安不見家,西のかた長安を望めども家を見ず,1342765
2294,324,黄鶴楼中吹玉笛,黄鶴楼中玉笛を吹く,1234675
2295,324,江城五月落梅花,江城五月梅花落つ,1234675
2296,325,誰家玉笛暗飛声,誰が家の玉笛ぞ暗に声を飛ばす,1234576
2297,325,散入春風満洛城,散じて春風に入りて洛城に満つ,1342675
2298,325,此夜曲中聞折柳,此の夜曲中折柳を聞く,1234675
2299,325,何人不起故園情,何人か故園の情を起さざらん,1256743
2300,326,昨夜風開露井桃,昨夜風に開く露井の桃,1234567
2301,326,未央前殿月輪高,未央の前殿月輪高し,1234567
2302,326,平陽歌舞新承寵,平陽の歌舞新たに寵を承け,1234576
2303,326,簾外春寒賜錦袍,簾外春寒うして錦袍を賜う,1234675
2304,327,西宮夜静百花香,西宮夜静かにして百花香し,1234567
2305,327,欲捲朱簾春恨長,珠簾を捲かんと欲すれば春恨長し,3421567
2306,327,斜抱雲和深見月,斜めに雲和を抱いて深く月を見れば,1342576
2307,327,朧朧樹色隠昭陽,朧朧たる樹色昭陽を隠す,1234675
2308,328,芙蓉不及美人粧,芙蓉も及ばず美人の粧い,1243567
2309,328,水殿風来珠翠香,水殿風来って珠翠香し,1234567
2310,328,却恨含情掩秋扇,却って恨む情を含んで秋扇を掩い,1243675
2311,328,空懸明月待君王,空しく明月を懸けて君王を待つを,1342675
2312,329,真成薄命久尋思,真成に薄命なるかと久しく尋思し,1234567
2313,329,夢見君王覚後疑,夢に君王を見覚めて後疑う,1342567
2314,329,火照西宮知夜飲,火は西宮を照らして夜飲を知る,1342675
2315,329,分明複道奉恩時,分明なり複道に恩を奉ぜし時,1234657
2316,330,白馬金鞍従武皇,白馬金鞍武皇に従い,1234675
2317,330,旌旗十万宿長楊,旌旗十万長楊に宿す,1234675
2318,330,楼頭小婦鳴箏坐,楼頭の小婦箏を鳴らして坐し,1234657
2319,330,遥見飛塵入建章,遥かに見る塵を飛ばして建章に入るを,1243675
2320,331,閨中少婦不知愁,閨中の少婦愁いを知らず,1234765
2321,331,春日凝粧上翠楼,春日粧いを凝らして翠楼に上る,1243675
2322,331,忽見陌頭楊柳色,忽ち見る陌頭楊柳の色,1234567
2323,331,悔教夫壻覓封侯,悔ゆらくは夫壻をして封侯を覓めしめしを,1346752
2324,332,白草原頭望京師,白草原頭京師を望めば,1234675
2325,332,黄河水流無尽時,黄河水流れて尽くる時無し,1234675
2326,332,秋天曠野行人絶,秋天曠野行人絶ゆ,1234567
2327,332,馬首東来知是誰,馬首東来するは是れ誰なるかを知らんや,1234675
2328,333,烽火城西百尺楼,烽火城西百尺の楼,1234567
2329,333,黄昏独坐海風秋,黄昏独り坐す海風の秋,1234567
2330,333,更吹羌笛関山月,更に羌笛を吹く関山月,1342567
2331,333,無那金閨万里愁,那んともする無し金閨万里の愁い,2134567
2332,334,青海長雲暗雪山,青海の長雲雪山暗し,1234675
2333,334,孤城遥望玉門関,孤城遥かに望む玉門関,1234567
2334,334,黄沙百戦穿金甲,黄沙百戦金甲を穿つも,1234675
2335,334,不破楼蘭終不還,楼蘭を破らずんば終に還らじ,3421576
2336,335,秦時明月漢時関,秦時の明月漢時の関,1234567
2337,335,万里長征人未還,万里長征して人未だ還らず,1234567
2338,335,但使竜城飛将在,但だ竜城の飛将をして在らしめば,1345672
2339,335,不教胡馬度陰山,胡馬をして陰山を度らしめず,3467521
2340,336,梁園秋竹古時烟,梁園の秋竹古時の烟,1234567
2341,336,城外風悲欲暮天,城外風悲し暮れんと欲する天,1234657
2342,336,万乗旌旗何処在,万乗旌旗何れの処にか在る,1234567
2343,336,平台賓客有誰憐,平台の賓客誰有ってか憐れまん,1234657
2344,337,寒雨連江夜入呉,寒雨江に連なって夜呉に入る,1243576
2345,337,平明送客楚山孤,平明客を送れば楚山孤なり,1243567
2346,337,洛陽親友如相問,洛陽の親友如し相問わば,1234567
2347,337,一片氷心在玉壺,一片の氷心玉壺に在り,1234675
2348,338,津頭雲雨暗湘山,津頭の雲雨湘山暗し,1234675
2349,338,遷客離憂楚地顔,遷客憂いに離る楚地の顔,1243567
2350,338,遥送扁舟安陸郡,遥かに扁舟を送る安陸郡,1342567
2351,338,天辺何処穆陵関,天辺何れの処か穆陵関,1234567
2352,339,酔別江楼橘柚香,酔うて別る江楼橘柚香しく,1234567
2353,339,江風引雨入船涼,江風雨を引いて船に入って涼し,1243657
2354,339,憶君遥在湘山月,憶う君が遥か湘山の月に在り,1235674
2355,339,愁聴清猿夢裏長,愁いて清猿の夢裏に長きを聴かんことを,1345672
2356,340,武陵渓口駐扁舟,武陵渓口扁舟を駐むるに,1234675
2357,340,渓水随君向北流,渓水は君に随い北に向って流る,1243657
2358,340,行到荊門上三峡,行いて荊門に到り三峡を上らば,1342675
2359,340,莫将孤月対猿愁,孤月と将に猿愁に対すること莫かれ,3426751
2360,341,莫道秋江離別難,道う莫かれ秋江離別難しと,2134567
2361,341,舟船明日是長安,舟船明日は是れ長安,1234567
2362,341,呉姫緩舞留君酔,呉姫緩舞して君を留めて酔わしむ,1234657
2363,341,随意青楓白露寒,随意なり青楓に白露の寒きを,1234567
2364,343,独在異郷為異客,独り異郷に在りて異客と為り,1342675
2365,343,毎逢佳節倍思親,佳節に逢う毎に倍〻親を思う,3421576
2366,343,遥知兄弟登高処,遥かに知る兄弟高きに登る処,1234657
2367,343,遍挿茱萸少一人,遍く茱萸を挿して一人を少くを,1342675
2368,344,緑樹重陰蓋四隣,緑樹の重陰四隣を蓋い,1234675
2369,344,青苔日厚自無塵,青苔日に厚くして自ずから塵無し,1234576
2370,344,科頭箕踞長松下,科頭にして箕踞す長松の下,1234567
2371,344,白眼看他世上人,白眼もて他の世上の人を看る,1245673
2372,345,欲逐将軍取右賢,将軍を逐うて右賢を取らんと欲し,3426751
2373,345,沙場走馬向居延,沙場馬を走らせて居延に向う,1243675
2374,345,遥知漢使蕭関外,遥かに知る漢使蕭関の外,1234567
2375,345,愁見孤城落日辺,愁えて見ん孤城落日の辺,1234567
2376,347,草色青青柳色黄,草色青青として柳色黄なり,1234567
2377,347,桃花歴乱李花香,桃花歴乱として李花香し,1234567
2378,347,東風不為吹愁去,東風為に愁いを吹き去らず,1246573
2379,347,春日偏能惹恨長,春日偏えに能く恨みを惹いて長し,1234657
2380,348,紅粉当壚弱柳垂,紅粉壚に当れば弱柳垂れ,1243567
2381,348,金花臘酒解酴醿,金花の臘酒酴醿を解く,1234675
2382,348,笙歌日暮能留客,笙歌日暮能く客を留め,1234576
2383,348,酔殺長安軽薄児,酔殺す長安軽薄の児,1234567
2384,349,日長風暖柳青青,日長く風暖かにして柳青青たり,1234567
2385,349,北雁帰飛入窅冥,北雁帰り飛んで窅冥に入る,1234675
2386,349,岳陽城上聞吹笛,岳陽城上吹笛を聞く,1234675
2387,349,能使春心満洞庭,能く春心をして洞庭に満たしむ,1346752
2388,350,楓岸紛紛落葉多,楓岸紛紛として落葉多し,1234567
2389,350,洞庭秋水晩来波,洞庭の秋水晩来波だつ,1234567
2390,350,乗興軽舟無近遠,興に乗じて軽舟近遠無く,2134675
2391,350,白雲明月弔湘娥,白雲明月湘娥を弔う,1234675
2392,351,雪晴雲散北風寒,雪晴れ雲散じて北風寒く,1234567
2393,351,楚水呉山道路難,楚水呉山道路難し,1234567
2394,351,今日送君須尽酔,今日君を送る須らく酔いを尽すべし,1243576
2395,351,明朝相憶路漫漫,明朝相憶うも路漫漫,1234567
2396,352,江路東連千里潮,江路東に連なる千里の潮,1234567
2397,352,青雲北望紫微遥,青雲北に望めば紫微遥かなり,1234567
2398,352,莫道巴陵湖水闊,道う莫かれ巴陵湖水闊しと,2134567
2399,352,長沙南畔更蕭条,長沙南畔更に蕭条,1234567
2400,353,漢将承恩西破戎,漢将恩を承けて西のかた戎を破る,1243576
2401,353,捷書先奏未央宮,捷書先ず奏す未央宮,1234567
2402,353,天子預開麟閣待,天子預め麟閣を開いて待つ,1235647
2403,353,祗今誰数弐師功,祗今誰か数えん弍師の功,1234567
2404,354,日落轅門鼓角鳴,日落ちて轅門鼓角鳴り,1234567
2405,354,千群面縛出蕃城,千群面縛して蕃城を出づ,1234675
2406,354,洗兵魚海雲迎陣,兵を魚海に洗えば雲陣を迎え,2341576
2407,354,秣馬竜堆月照営,馬を竜堆に秣えば月営を照らす,2341576
2408,355,苜蓿烽辺逢立春,苜蓿烽辺立春に逢い,1234675
2409,355,葫蘆河上涙沾巾,葫蘆河上涙巾を沾す,1234576
2410,355,閨中只是空相憶,閨中只だ是れ空しく相憶うも,1234567
2411,355,不見沙場愁殺人,沙場の人を愁殺するを見ず,3475621
2412,356,東去長安万里余,東のかた長安を去って万里余,1342567
2413,356,故人那惜一行書,故人那んぞ惜しむ一行の書,1234567
2414,356,玉関西望腸堪断,玉関西望すれば腸断つに堪えたり,1234576
2415,356,況復明朝是歳除,況んや復た明朝は是れ歳除なるをや,1234567
2416,357,故園東望路漫漫,故園東に望めば路漫漫,1234567
2417,357,双袖竜鍾涙不乾,双袖竜鍾として涙乾かず,1234576
2418,357,馬上相逢無紙筆,馬上相逢うて紙筆無し,1234675
2419,357,憑君伝語報平安,君に憑って伝語して平安を報ぜん,2134675
2420,358,走馬西来欲到天,馬を走らせて西来天に到らんと欲す,2134765
2421,358,辞家見月両回円,家を辞して月の両回円かなるを見る,2145673
2422,358,今夜不知何処宿,今夜は知らず何れの処にか宿せん,1243567
2423,358,平沙万里絶人煙,平沙万里人煙を絶つ,1234675
2424,359,西原駅路掛城頭,西原の駅路城頭に掛る,1234675
2425,359,客散江亭雨未休,客散じて江亭雨未だ休まず,1234567
2426,359,君去試看汾水上,君去って試みに看よ汾水の上,1234567
2427,359,白雲猶似漢時秋,白雲は猶お漢時の秋に似ん,1235674
2428,362,酒泉太守能剣舞,酒泉の太守能く剣舞す,1234567
2429,362,高堂置酒夜撃鼓,高堂に置酒して夜鼓を撃つ,1234576
2430,362,胡笳一曲断人腸,胡笳一曲人の腸を断つ,1234675
2431,362,坐客相看涙如雨,坐客相看て涙雨の如し,1234576
2432,363,火山五月行人少,火山五月行人少なり,1234567
2433,363,看君馬去疾如鳥,看る君が馬の去って疾きこと鳥の如くなるを,1234576
2434,363,都使行営太白西,都使の行営太白の西,1234567
2435,363,角声一動胡天暁,角声一たび動いて胡天暁く,1234567
2436,364,梁園日暮乱飛鴉,梁園日暮乱飛の鴉,1234567
2437,364,極目蕭条三両家,極目蕭条たり三両家,1234567
2438,364,庭樹不知人去尽,庭樹は知らず人去り尽くすを,1243567
2439,364,春来還発旧時花,春来還た発く旧時の花,1234567
2440,366,錦城糸管日紛紛,錦城の糸管日に紛紛,1234567
2441,366,半入江風半入雲,半ばは江風に入り半ばは雲に入る,1342576
2442,366,此曲祗応天上有,此の曲祗だ応に天上に有るべし,1234567
2443,366,人間能得幾回聞,人間能く幾回か聞くを得ん,1235674
2444,368,秋風嫋嫋動高旌,秋風嫋嫋として高旌を動かし,1234675
2445,368,玉帳分弓射虜営,玉帳弓を分って虜営を射る,1243675
2446,368,已収滴博雲間戍,已に滴博雲間の戍を収めたり,1345672
2447,368,欲奪蓬婆雪外城,奪わんと欲す蓬婆雪外の城,2134567
2448,369,一辞故国十経秋,一たび故国を辞して十たび秋を経たり,1342576
2449,369,毎見秋瓜憶故丘,秋瓜を見る毎に故丘を憶う,3421675
2450,369,今日南湖采薇蕨,今日南湖薇蕨を采る,1234675
2451,369,何人為覓鄭瓜州,何人か為に覓めん鄭瓜州,1234567
2452,370,湖月林風相与清,湖月林風相与に清し,1234567
2453,370,残尊下馬復同傾,残尊馬より下りて復た同じく傾く,1243567
2454,370,久判野鶴如霜鬢,久しく判つ野鶴如たる霜鬢,1234567
2455,370,遮莫隣雞下五更,遮莫隣雞の五更を下ぐるを,1234675
2456,372,北海陰風動地来,北海の陰風地を動かして来る,1234657
2457,372,明君祠上望竜堆,明君の祠上竜堆を望む,1234675
2458,372,髑髏尽是長城卒,髑髏尽く是れ長城の卒,1234567
2459,372,日暮沙場飛作灰,日暮沙場飛んで灰と作る,1234576
2460,373,花映垂楊漢水清,花は垂楊に映じて漢水清く,1342567
2461,373,微風林裏一枝軽,微風林裏一枝軽し,1234567
2462,373,即今江北還如此,即今江北還た此の如し,1234576
2463,373,愁殺江南離別情,愁殺す江南離別の情,1234567
2464,375,鉄騎横行鉄嶺頭,鉄騎横行す鉄嶺の頭,1234567
2465,375,西看邏逤取封侯,西のかた邏逤を看て封侯を取らん,1342675
2466,375,青海只今将飲馬,青海只今将に馬に飲わんとす,1234576
2467,375,黄河不用更防秋,黄河用いず更に秋を防ぐを,1243576
2468,376,旅館寒灯独不眠,旅館の寒灯独り眠らず,1234576
2469,376,客心何事転悽然,客心何事ぞ転た悽然,1234567
2470,376,故鄉今夜思千里,故郷今夜千里に思う,1234675
2471,376,霜鬢明朝又一年,霜鬢明朝又一年,1234567
2472,377,雪浄胡天牧馬還,雪浄く胡天馬を牧して還れば,1234657
2473,377,月明羌笛戍楼間,月は明らかに羌笛戍楼の間,1234567
2474,377,借問梅花何処落,借問す梅花何れの処よりか落つる,1234567
2475,377,風吹一夜満関山,風吹いて一夜関山に満つ,1234675
2476,379,荊呉相接水為郷,荊呉相接して水を郷と為すも,1234576
2477,379,君去春江正淼茫,君去って春江正に淼茫たり,1234567
2478,379,日暮孤舟何処泊,日暮孤舟何れの処にか泊する,1234567
2479,384,黄河遠上白雲間,黄河遠く上る白雲の間,1234567
2480,384,一片孤城万仞山,一片の孤城万仞の山,1234567
2481,384,羌笛何須怨楊柳,羌笛何ぞ須いん楊柳を怨むを,1234675
2482,384,春光不度玉門関,春光度らず玉門関,1243567
2483,385,薊庭蕭瑟故人稀,薊庭蕭瑟として故人稀なり,1234567
2484,385,何処登高且送帰,何れの処か高きに登りて且く帰るを送らん,1243576
2485,385,今日暫同芳菊酒,今日暫く芳菊の酒を同じうするも,1235674
2486,385,明朝応作断蓬飛,明朝応に断蓬と作って飛ぶべし,1235647
2487,386,綿綿漏鼓洛陽城,綿綿たる漏鼓洛陽城,1234567
2488,386,客舎平居絶送迎,客舎平居送迎を絶つ,1234675
2489,386,逢君買酒因成酔,君に逢って酒を買い因って酔いを成す,2143576
2490,386,酔後焉知世上情,酔後焉んぞ知らん世上の情,1234567
2491,387,承恩借猟小平津,恩を承けて借猟す小平津,2134567
2492,387,使気常遊中貴人,気を使いて常に遊ぶ中貴人,2134567
2493,387,一擲千金渾是胆,一擲千金渾べて是れ胆,1234567
2494,387,家無四壁不知貧,家に四壁無きも貧を知らず,1342765
2495,389,昨夜秋風入漢関,昨夜秋風漢関に入り,1234675
2496,389,朔雲辺月満西山,朔雲辺月西山に満つ,1234675
2497,389,更催飛将追驕虜,更に飛将を催して驕虜を追わしむ,1342675
2498,389,莫遣沙場匹馬還,沙場の匹馬をして還らしむること莫かれ,3456721
2499,391,万里辞家事鼓鼙,万里家を辞して鼓鼙を事とす,1243675
2500,391,金陵駅路楚雲西,金陵の駅路楚雲の西,1234567
2501,391,江春不肯留行客,江春肯て行客を留めず,1246753
2502,391,草色青青送馬蹄,草色青青として馬蹄を送る,1234675
2503,392,宜陽城下草萋萋,宜陽城下草萋萋たり,1234567
2504,392,澗水東流復向西,澗水東に流れて復た西に向う,1234576
2505,392,芳樹無人花自落,芳樹人無く花自ずから落ち,1243567
2506,392,春山一路鳥空啼,春山一路鳥空しく啼く,1234567
2507,393,瀟湘何事等閑回,瀟湘何事ぞ等閑に回る,1234567
2508,393,水碧沙明両岸苔,水碧に沙明らかにして両岸苔むす,1234567
2509,393,二十五絃弾夜月,二十五絃夜月に弾ずれば,1234675
2510,393,不勝清怨却飛来,清怨に勝えずして却飛し来る,3421567
2511,395,広陵三月花正開,広陵三月花正に開く,1234567
2512,395,花裏逢君酔一廻,花裏君に逢うて酔うこと一廻せん,1243567
2513,395,南北相過殊不遠,南北相過ぎること殊に遠からず,1234576
2514,395,暮潮帰去早潮来,暮潮帰り去って早潮来る,1234567
2515,397,凄凄遊子若飄蓬,凄凄たる遊子飄蓬の若し,1234675
2516,397,明月清樽祗暫同,明月清樽祗だ暫く同じうす,1234567
2517,397,南望千山如黛色,南のかた千山を望めば黛色の如し,1342675
2518,397,愁君客路在其中,愁う君が客路其の中に在るを,1234675
2519,398,春城無処不飛花,春城処として飛花ならざるは無し,1246753
2520,398,寒食東風御柳斜,寒食東風御柳斜めなり,1234567
2521,398,日暮漢宮伝蠟燭,日暮漢宮より蠟燭を伝う,1234675
2522,398,青煙散入五侯家,青煙は散じて五侯の家に入る,1235674
2523,399,江口千家帯楚雲,江口の千家楚雲を帯び,1234675
2524,399,江花乱点雪紛紛,江花乱点して雪紛紛たらん,1234567
2525,399,春風落日誰相見,春風落日誰か相見ん,1234567
2526,399,青翰舟中有鄂君,青翰舟中鄂君有らん,1234675
2527,400,浮雲不共此山斉,浮雲も此の山と斉しからず,1256473
2528,400,山靄蒼蒼望転迷,山靄蒼蒼として望み転た迷う,1234567
2529,400,暁月暫飛千樹裏,暁月暫く飛ぶ千樹の裏,1234567
2530,400,秋河隔在数峰西,秋河は隔てて数峰の西に在り,1235674
2531,401,幾人同入謝宣城,幾人か同じく入る謝宣城,1234567
2532,401,未及酬恩隔死生,未だ恩に酬ゆるに及ばずして死生を隔つ,1432675
2533,401,唯有夜猿知客恨,唯だ夜猿の客恨を知る有り,1346752
2534,401,嶧陽渓路第三声,嶧陽の渓路第三声,1234567
2535,402,月落烏啼霜満天,月落ち烏啼いて霜天に満つ,1234576
2536,402,江楓漁火対愁眠,江楓漁火愁眠に対す,1234675
2537,402,姑蘇城外寒山寺,姑蘇城外の寒山寺,1234567
2538,402,夜半鐘声到客船,夜半の鐘声客船に到る,1234675
2539,403,故園黄葉満青苔,故園の黄葉青苔に満つ,1234675
2540,403,夢後城頭暁角哀,夢後城頭暁角哀し,1234567
2541,403,此夜断腸人不見,此の夜断腸人は見えず,1234576
2542,403,起行残月影徘徊,起ちて残月に行けば影徘徊す,1342567
2543,404,武帝祈霊太乙壇,武帝霊に祈る太乙壇,1243567
2544,404,新豊樹色繞千官,新豊の樹色千官を繞れり,1234675
2545,404,那知今夜長生殿,那んぞ知らん今夜長生殿,1234567
2546,404,独閉空山月影寒,独り空山月影の寒きに閉ざされんとは,1345672
2547,405,青草湖辺日色低,青草湖辺日色低れ,1234567
2548,405,黄茅瘴裏鷓鴣啼,黄茅瘴裏鷓鴣啼く,1234567
2549,405,丈夫飄蕩今如此,丈夫飄蕩今此の如し,1234576
2550,405,一曲長歌楚水西,一曲の長歌楚水の西,1234567
2551,406,半夜回舟入楚郷,半夜舟を回らして楚郷に入る,1243675
2552,406,月明山水共蒼蒼,月明らかにして山水共に蒼蒼たり,1234567
2553,406,孤猿更叫秋風裏,孤猿更に叫ぶ秋風の裏,1234567
2554,406,不是愁人亦断腸,是れ愁人ならずとも亦た断腸せん,2341567
2555,407,一官何幸得同時,一官何の幸ぞ時を同じうするを得たる,1234765
2556,407,十載無媒独見遺,十載媒無くして独り遺さる,1243567
2557,407,今日莫論腰下組,今日論ずること莫かれ腰下の組,1243567
2558,407,請君看取鬢辺糸,請う君看取せよ鬢辺の糸,1234567
2559,408,汴水東流無限春,汴水東流す無限の春,1234567
2560,408,隋家宮闕已成塵,隋家の宮闕已に塵と成る,1234576
2561,408,行人莫上長堤望,行人長堤に上って望むこと莫かれ,1256473
2562,408,風起楊花愁殺人,風起って楊花人を愁殺せん,1234756
2563,410,回楽峰前沙似雪,回楽峰前沙雪に似たり,1234576
2564,410,受降城外月如霜,受降城外月霜の如し,1234576
2565,410,不知何処吹蘆管,知らず何れの処にか蘆管を吹く,2134675
2566,410,一夜征人尽望郷,一夜征人尽く郷を望む,1234576
2567,412,煬帝行宮汴水浜,煬帝の行宮汴水の浜,1234567
2568,412,数株楊柳不勝春,数株の楊柳春に勝えず,1234765
2569,412,晩来風起花如雪,晩来風起って花雪の如し,1234576
2570,412,飛入宮牆不見人,飛んで宮牆に入るも人を見ず,1342765
2571,413,二十余年別帝京,二十余年帝京に別る,1234675
2572,413,重聞天楽不勝情,重ねて天楽を聞いて情に勝えず,1342765
2573,413,旧人唯有何戡在,旧人唯だ何戡の在る有り,1235674
2574,413,更与殷勤唱渭城,更に与に殷勤に渭城を唱う,1234675
2575,414,鸚鵡洲頭浪颭沙,鸚鵡洲頭浪沙を颭かす,1234576
2576,414,青楼春望日将斜,青楼春望日将に斜めならんとす,1234567
2577,414,銜泥燕子争帰舎,泥を銜む燕子は争って舎に帰るも,2134576
2578,414,独自狂夫不憶家,独自狂夫のみ家を憶わず,1234765
2579,416,鳳林関裏水東流,鳳林関裏水東に流る,1234567
2580,416,白草黄楡六十秋,白草黄楡六十秋,1234567
2581,416,辺将皆承主恩沢,辺将皆主の恩沢を承くるも,1235674
2582,416,無人解道取涼州,人の涼州を取るを解道する無し,2675341
2583,417,中庭地白樹棲鴉,中庭地白うして樹に鴉棲み,1234576
2584,417,冷露無声湿桂花,冷露声無く桂花を湿す,1243675
2585,417,今夜月明人尽望,今夜月明人尽く望むも,1234567
2586,417,不知秋思在誰家,知らず秋思の誰が家にか在る,2134675
2587,418,相如擁伝有光輝,相如伝を擁して光輝有り,1243675
2588,418,何事闌干涙湿衣,何事ぞ闌干として涙衣を湿す,1234576
2589,418,旧府東山余妓在,旧府東山余妓在り,1234567
2590,418,重将歌舞送君帰,重ねて歌舞を将って君が帰るを送らん,1342675
2591,419,悠悠風旆遶山川,悠悠たる風旆山川を遶り,1234675
2592,419,山駅空濛雨作煙,山駅空濛として雨煙と作る,1234576
2593,419,路半嘉陵頭已白,路は嘉陵に半ばにして頭已に白し,1342567
2594,419,蜀門西更上青天,蜀門西のかた更に青天に上らん,1234675
2595,420,回雁高飛太液池,回雁高く飛ぶ太液池,1234567
2596,420,新花低発上林枝,新花低く発く上林の枝,1234567
2597,420,年光到処皆堪賞,年光到る処皆賞するに堪えたり,1234576
2598,420,春色人間総未知,春色人間総べて未だ知らず,1234567
2599,423,碧窓斜月靄深輝,碧窓の斜月深輝靄たり,1234675
2600,423,愁聴寒螿涙湿衣,愁えて寒螿を聴き涙衣を湿す,1342576
2601,423,夢裏分明見関塞,夢裏分明に関塞を見たり,1234675
2602,423,不知何路向金微,知らず何れの路か金微に向う,2134675
2603,424,紅衣落尽暗香残,紅衣落ち尽くして暗香残る,1234567
2604,424,葉上秋光白露寒,葉上の秋光白露寒し,1234567
2605,424,越女含情已無限,越女情を含むこと已に限り無し,1243576
2606,424,莫教長袖倚闌干,長袖をして闌干に倚らしむる莫かれ,3467521
2607,425,槐柳蕭疎繞郡城,槐柳蕭疎として郡城を繞り,1234675
2608,425,夜添山雨作江声,夜は山雨を添えて江声を作す,1342675
2609,425,秋風南陌無車馬,秋風南陌車馬無し,1234675
2610,425,独上高楼故国情,独り高楼に上る故国の情,1342567
2611,426,珠樹玲瓏隔翠微,珠樹玲瓏として翠微を隔つ,1234675
2612,426,病来方外事多違,病来方外事多く違う,1234567
2613,426,仙山不属分符客,仙山は符を分つ客に属せず,1265743
2614,426,一任凌空錫杖飛,一任す空を凌いで錫杖の飛ぶに,1243567
2615,427,想像精霊欲見難,精霊を想像して見んと欲すれども難し,3412657
2616,427,通津一去水漫漫,通津一たび去って水漫漫たり,1234567
2617,427,空余千載凌霜色,空しく余す千載霜を凌ぐ色,1234657
2618,427,長与澄潭白日寒,長しえに澄潭と与に白日寒し,1342567
2619,428,残灯無焔影幢幢,残灯焔無く影幢幢,1243567
2620,428,此夕聞君謫九江,此の夕べ君が九江に謫せられしを聞く,1246753
2621,428,垂死病中驚坐起,垂死の病中驚いて坐起すれば,1234567
2622,428,暗風吹雨入寒窓,暗風雨を吹いて寒窓に入る,1243675
2623,429,亭亭孤月照行舟,亭亭たる孤月行舟を照らし,1234675
2624,429,寂寂長江万里流,寂寂たる長江万里に流る,1234567
2625,429,鄉国不知何処是,郷国は知らず何れの処か是なる,1243567
2626,429,雲山漫漫使人愁,雲山漫漫人をして愁えしむ,1234675
2627,431,虢国夫人承主恩,虢国夫人主恩を承け,1234675
2628,431,平明騎馬入宮門,平明馬に騎って宮門に入る,1243675
2629,431,却嫌脂粉汚顔色,却って脂粉の顔色を汚すを嫌い,1346752
2630,431,淡掃蛾眉朝至尊,淡く蛾眉を掃って至尊に朝す,1342675
2631,432,客舎并州已十霜,并州に客舎して已に十霜,3412567
2632,432,帰心日夜憶咸陽,帰心日夜咸陽を憶う,1234675
2633,432,無端更渡桑乾水,端無くも更に渡る桑乾の水,2134567
2634,432,却望并州是故鄉,却って并州を望めば是れ故郷,1342567
2635,433,趙女乗春上画楼,趙女春に乗じて画楼に上り,1243675
2636,433,一声歌発満城秋,一声歌は発す満城の秋,1234567
2637,433,無端更唱関山曲,端無くも更に唱う関山の曲,2134567
2638,433,不是征人亦涙流,是れ征人ならずとも亦た涙流れん,2341567
2639,434,青雀西飛竟未回,青雀西に飛んで竟に未だ回らず,1234567
2640,434,君王長在集霊台,君王長しえに集霊台に在り,1235674
2641,434,侍臣最有相如渇,侍臣最も相如の渇有れども,1235674
2642,434,不賜金茎露一杯,金茎の露一杯を賜らず,3456721
2643,435,君問帰期未有期,君帰期を問うも未だ期有らず,1342576
2644,435,巴山夜雨漲秋池,巴山の夜雨秋池に漲る,1234675
2645,435,何当共剪西窓燭,何か当に共に西窓の燭を剪って,1235674
2646,435,却話巴山夜雨時,却って巴山夜雨の時を話すべき,1345672
2647,436,嵩雲秦樹久離居,嵩雲秦樹久しく離居す,1234567
2648,436,双鯉迢迢一紙書,双鯉迢迢たり一紙の書,1234567
2649,436,休問梁園旧賓客,問うを休めよ梁園の旧賓客,2134567
2650,436,茂陵秋雨病相如,茂陵の秋雨病相如,1234567
2651,437,琪樹西風枕簟秋,琪樹の西風枕簟の秋,1234567
2652,437,楚雲湘水憶同遊,楚雲湘水同遊を憶う,1234675
2653,437,高歌一曲掩明鏡,高歌一曲明鏡を掩う,1234675
2654,437,昨日少年今白頭,昨日の少年今は白頭,1234567
2655,438,独上江楼思渺然,独り江楼に上りて思い渺然,1342567
2656,438,月光如水水連天,月光は水の如く水は天に連なる,1243576
2657,438,同来翫月人何処,同じく来りて月を翫びし人は何れの処ぞ,1243567
2658,438,風景依稀似去年,風景は依稀として去年に似たり,1234675
2659,439,館娃宮外鄴城西,館娃宮外鄴城の西,1234567
2660,439,遠映征帆近払堤,遠くは征帆に映じ近くは堤を払う,1342576
2661,439,繋得王孫帰意切,王孫帰意の切なるを繋ぎ得て,3456712
2662,439,不関春草緑萋萋,春草の緑萋萋たるに関せず,3456721
2663,440,枝枝交影鎖長門,枝枝影を交えて長門を鎖す,1243675
2664,440,嫩色曽霑雨露恩,嫩色曽て霑う雨露の恩,1234567
2665,440,鳳輦不来春欲尽,鳳輦来らず春尽きんと欲し,1243576
2666,440,空留鶯語到黄昏,空しく鶯語を留めて黄昏に到る,1342675
2667,441,柳色参差掩画楼,柳色参差として画楼を掩い,1234675
2668,441,暁鶯啼送満宮愁,暁鶯啼き送る満宮の愁い,1234567
2669,441,年年花落無人見,年年花落つるも人の見る無し,1234675
2670,441,空逐春泉出御溝,空しく春泉を逐うて御溝を出づ,1342675
2671,442,一曲涼州金石清,一曲の涼州金石清し,1234567
2672,442,辺風蕭颯動江城,辺風蕭颯として江城を動かす,1234675
2673,442,坐中有老沙場客,坐中沙場に老いたるの客有り,1256473
2674,442,横笛休吹塞上声,横笛吹くを休めよ塞上の声,1243567
2675,443,紫宸朝罷綴鵷鸞,紫宸朝罷んで鵷鸞を綴ね,1234675
2676,443,丹鳳楼前駐馬看,丹鳳楼前馬を駐めて看る,1234657
2677,443,唯有終南山色在,唯だ終南山色の在る有り,1345672
2678,443,晴明依旧満長安,晴明旧に依って長安に満つ,1243675
2679,444,草遮回磴絶鳴鸞,草は回磴を遮って鳴鸞を絶ち,1342675
2680,444,雲樹深深碧殿寒,雲樹深深として碧殿寒し,1234567
2681,444,明月自来還自去,明月自ずから来り還た自ずから去る,1234567
2682,444,更無人倚玉欄干,更に人の玉欄干に倚る無し,1356742
2683,447,平沙落日大荒西,平沙の落日大荒の西,1234567
2684,447,隴上明星高復低,隴上の明星高く復た低し,1234567
2685,447,孤山幾処看烽火,孤山幾処か烽火を看る,1234675
2686,447,戦士連営候鼓鼙,戦士営を連ねて鼓鼙を候う,1243675
2687,448,朔風吹葉雁門秋,朔風葉を吹く雁門の秋,1243567
2688,448,万里煙塵昏戍楼,万里の煙塵戍楼昏し,1234675
2689,448,征馬長思青海上,征馬長に思う青海の上,1234567
2690,448,胡笳夜聴隴山頭,胡笳夜聴く隴山の頭,1234567
2691,449,雕弓白羽猟初回,雕弓白羽猟して初めて回れば,1234567
2692,449,薄夜牛羊復下来,薄夜牛羊復た下り来る,1234567
2693,449,夢水河辺青草合,夢水河辺青草合し,1234567
2694,449,黒山峰外陣雲開,黒山峰外陣雲開く,1234567
2695,451,襄陽好向峴亭看,襄陽好し峴亭に向って看るに,1235647
2696,451,人物蕭条属歳闌,人物蕭条として歳闌に属す,1234675
2697,451,為報習家多置酒,為に報ぜよ習家多く置酒せよ,1234567
2698,451,夜来風雪過江寒,夜来の風雪江を過ぎて寒しと,1234657
2699,453,紅顔歳歳老金微,紅顔歳歳金微に老い,1234675
2700,453,砂磧年年臥鉄衣,沙磧年年鉄衣に臥す,1234675
2701,453,白草城中春不入,白草城中春入らず,1234576
2702,453,黄花戍上雁長飛,黄花戍上雁長に飛ぶ,1234567
2703,454,孤城夕対戍楼間,孤城夕べに戍楼に対して間かなり,1235647
2704,454,廻合青冥万仞山,廻合す青冥万仞の山,1234567
2705,454,明鏡不須生白髪,明鏡須いず白髪を生ずるを,1243675
2706,454,風沙自解老紅顔,風沙自ずから解す紅顔老ゆることを,1234675
2707,457,西施昔日浣紗津,西施昔日浣紗の津,1234567
2708,457,石上青苔思殺人,石上の青苔人を思殺す,1234756
2709,457,一去姑蘇不復返,一たび姑蘇に去って復た返らず,1342675
2710,457,岸傍桃李為誰春,岸傍の桃李誰が為にか春なる,1234657
2711,460,一年始有一年春,一年始めて一年の春有り,1235674
2712,460,百歳曽無百歳人,百歳曽て百歳の人無し,1235674
2713,460,能向花前幾回酔,能く花前に向って幾回か酔わん,1342567
2714,460,十千沽酒莫辞貧,十千酒を沽うて貧を辞すること莫かれ,1243765
2715,461,一月主人笑幾回,一月主人笑うこと幾回ぞ,1234567
2716,461,相逢相値且銜杯,相逢い相値うて且く杯を銜まん,1234576
2717,461,眼看春色如流水,眼のあたり看る春色流水の如くなるを,1234675
2718,461,今日残花昨日開,今日の残花は昨日開きし,1234567
2719,462,秋染棠梨葉半紅,秋は棠梨を染めて葉半ば紅なり,1342567
2720,462,荊州東望草平空,荊州東に望めば草空に平らかなり,1234576
2721,462,誰知孤宦天涯意,誰か知らん孤宦天涯の意,1234567
2722,462,微雨瀟瀟古駅中,微雨瀟瀟たり古駅の中,1234567
2723,463,寒塞無因見落梅,寒塞落梅を見るに因無し,1267543
2724,463,胡人吹入笛声来,胡人吹いて笛声に入れ来る,1235647
2725,463,労労亭上春応度,労労亭上春応に度るべし,1234567
2726,463,夜夜城南戦未回,夜夜城南戦い未だ回らず,1234567
2727,464,虎渓間月引相過,虎渓の間月引いて相過ぎ,1234567
2728,464,帯雪松枝掛薜蘿,雪を帯ぶる松枝薜蘿を掛く,2134675
2729,464,無限青山行欲尽,無限の青山行〻尽きんと欲す,1234576
2730,464,白雲深処老僧多,白雲深き処老僧多し,1234567
